DependencyCount, ThrowsException, ModifiesParameters, UnknownMethod, ModifiesLocalState, ReadsLocalState, ModifiesGlobalState, ReadsGlobalState, Bug
0, 0, 0, 0, 0, 1, 0, 2, 0
0, 0, 0, 0, 0, 0, 0, 0, 0
4, 0, 0, 0, 0, 1, 0, 2, 0
22, 0, 0, 2, 0, 14, 0, 6, 0
8, 0, 0, 1, 0, 1, 0, 2, 0
8, 0, 0, 1, 0, 1, 0, 2, 0
6, 0, 0, 0, 0, 1, 0, 2, 0
8, 0, 0, 1, 0, 1, 0, 2, 0
8, 0, 0, 1, 0, 1, 0, 2, 0
6, 0, 0, 0, 0, 1, 0, 2, 0
0, 0, 0, 0, 0, 0, 0, 0, 0
0, 0, 0, 0, 0, 0, 0, 0, 0
0, 0, 0, 0, 0, 0, 0, 0, 0
2, 0, 0, 1, 0, 0, 0, 0, 0
0, 0, 0, 0, 0, 0, 0, 0, 0
2, 0, 0, 1, 0, 0, 0, 0, 0
4, 0, 0, 2, 0, 1, 0, 0, 0
16, 1, 0, 5, 0, 4, 0, 0, 0
18, 1, 0, 5, 0, 5, 0, 0, 0
0, 0, 0, 0, 0, 0, 0, 0, 0
10, 0, 0, 5, 0, 0, 0, 0, 0
0, 0, 0, 0, 0, 0, 0, 0, 0
0, 0, 0, 0, 0, 0, 0, 0, 0
6, 0, 0, 1, 0, 1, 0, 0, 0
2, 0, 0, 1, 0, 1, 0, 0, 0
12, 0, 0, 2, 0, 2, 0, 0, 0
26, 1, 0, 7, 0, 3, 0, 0, 0
0, 0, 0, 0, 0, 0, 0, 0, 0
2, 0, 0, 0, 0, 0, 0, 0, 0
8, 0, 0, 1, 0, 2, 0, 0, 0
0, 0, 0, 0, 0, 0, 0, 0, 0
2, 0, 0, 0, 0, 0, 0, 0, 0
12, 0, 0, 3, 0, 1, 0, 0, 0
24, 0, 0, 4, 0, 3, 0, 0, 0
26, 0, 0, 4, 0, 3, 0, 0, 0
0, 0, 0, 0, 0, 0, 0, 0, 0
0, 0, 0, 0, 0, 0, 0, 0, 0
6, 0, 0, 1, 0, 1, 0, 0, 0
66, 0, 0, 11, 0, 7, 0, 0, 0
96, 1, 0, 18, 0, 10, 0, 0, 0
0, 0, 0, 0, 0, 0, 0, 0, 0
0, 0, 0, 0, 0, 0, 0, 0, 0
2, 0, 0, 0, 0, 0, 0, 0, 0
6, 0, 0, 0, 0, 0, 0, 0, 0
0, 0, 0, 0, 0, 0, 0, 0, 0
18, 0, 0, 1, 0, 1, 0, 0, 0
20, 0, 0, 1, 0, 1, 0, 0, 0
136, 1, 0, 25, 0, 14, 0, 0, 0
2, 0, 0, 1, 0, 1, 0, 0, 0
0, 0, 0, 0, 0, 0, 0, 0, 0
2, 0, 0, 0, 0, 0, 0, 1, 0
6, 0, 0, 1, 0, 1, 0, 2, 0
18, 0, 0, 6, 1, 4, 0, 2, 0
30, 1, 0, 10, 1, 10, 0, 2, 0
34, 1, 0, 11, 1, 11, 0, 2, 0
0, 0, 0, 0, 0, 0, 0, 0, 0
0, 0, 0, 0, 0, 0, 0, 0, 0
6, 0, 0, 3, 0, 0, 0, 4, 0
12, 0, 0, 4, 0, 0, 0, 5, 0
6, 0, 0, 3, 0, 5, 0, 0, 0
10, 0, 0, 4, 0, 5, 0, 1, 0
12, 0, 0, 4, 0, 5, 0, 1, 0
0, 0, 0, 0, 0, 0, 0, 0, 0
18, 1, 0, 5, 0, 6, 0, 1, 0
2, 0, 0, 1, 0, 0, 2, 0, 0
42, 1, 0, 11, 0, 11, 2, 2, 0
0, 0, 0, 0, 0, 0, 0, 0, 0
4, 0, 0, 2, 0, 1, 0, 0, 0
8, 0, 0, 2, 0, 2, 0, 0, 0
4, 0, 0, 2, 0, 0, 0, 3, 0
0, 0, 0, 0, 0, 0, 0, 0, 0
0, 0, 0, 0, 0, 0, 0, 0, 0
8, 0, 0, 2, 0, 2, 0, 0, 0
2, 0, 0, 1, 0, 1, 0, 0, 0
4, 0, 0, 1, 0, 1, 0, 1, 0
0, 0, 0, 0, 0, 0, 0, 0, 0
0, 0, 0, 0, 0, 0, 0, 0, 0
0, 0, 0, 0, 0, 0, 0, 0, 0
10, 0, 0, 2, 0, 2, 0, 0, 0
0, 0, 0, 0, 0, 0, 0, 0, 0
150, 6, 0, 37, 1, 41, 4, 14, 0
2, 0, 0, 0, 0, 0, 0, 0, 0
6, 0, 0, 1, 0, 1, 0, 0, 0
2, 0, 0, 1, 0, 0, 0, 1, 0
0, 0, 0, 0, 0, 0, 0, 0, 0
8, 0, 0, 1, 0, 0, 0, 1, 0
14, 0, 0, 3, 0, 0, 0, 1, 0
16, 3, 0, 3, 0, 0, 0, 2, 0
178, 9, 0, 41, 1, 42, 4, 16, 0
180, 9, 0, 41, 1, 43, 4, 16, 0
0, 0, 0, 0, 0, 0, 0, 0, 0
0, 0, 0, 0, 1, 4, 0, 0, 0
0, 0, 0, 0, 0, 5, 0, 0, 0
4, 0, 0, 0, 2, 10, 0, 0, 0
0, 0, 0, 0, 0, 0, 0, 0, 0
2, 0, 0, 1, 0, 0, 0, 0, 0
6, 0, 0, 2, 0, 0, 0, 1, 0
14, 0, 0, 5, 0, 0, 0, 3, 0
36, 1, 0, 14, 0, 0, 0, 4, 0
38, 1, 0, 14, 0, 0, 0, 4, 0
40, 1, 0, 14, 0, 0, 0, 4, 0
46, 2, 0, 15, 1, 0, 0, 6, 0
2, 0, 0, 1, 0, 1, 0, 0, 0
4, 0, 0, 1, 0, 1, 0, 0, 0
2, 0, 0, 1, 0, 1, 0, 0, 0
262, 12, 0, 60, 4, 64, 4, 26, 0
28, 1, 0, 7, 0, 3, 0, 0, 0
26, 1, 0, 4, 0, 3, 0, 0, 0
56, 2, 0, 11, 0, 6, 0, 0, 0
0, 0, 0, 0, 0, 0, 0, 0, 0
122, 4, 0, 28, 1, 23, 0, 2, 0
0, 0, 0, 0, 0, 0, 0, 0, 0
2, 0, 0, 0, 0, 0, 0, 0, 0
4, 0, 0, 0, 0, 1, 0, 0, 0
0, 0, 0, 0, 0, 0, 0, 0, 0
4, 0, 0, 1, 0, 1, 0, 1, 0
2, 0, 0, 1, 0, 0, 0, 0, 0
20, 0, 0, 5, 0, 2, 0, 2, 0
0, 0, 0, 0, 0, 0, 0, 1, 0
6, 0, 0, 1, 0, 1, 0, 4, 0
0, 0, 0, 0, 0, 0, 0, 0, 0
8, 0, 0, 4, 0, 0, 0, 0, 0
24, 0, 0, 11, 0, 0, 0, 0, 0
0, 0, 0, 0, 0, 0, 0, 0, 0
58, 0, 0, 24, 0, 0, 0, 1, 0
157, 0, 0, 50, 0, 10, 0, 12, 0
34, 0, 0, 0, 0, 6, 0, 3, 0
6, 0, 0, 3, 0, 2, 0, 0, 0
2, 0, 0, 1, 0, 0, 0, 0, 0
8, 0, 0, 3, 0, 0, 0, 0, 0
540, 0, 0, 163, 0, 38, 0, 36, 0
0, 0, 0, 0, 0, 0, 0, 0, 0
2, 0, 0, 0, 0, 0, 0, 0, 0
4, 0, 0, 0, 0, 0, 0, 0, 0
0, 0, 0, 0, 0, 0, 0, 0, 0
14, 0, 0, 0, 0, 6, 0, 4, 0
0, 0, 0, 0, 0, 0, 0, 0, 0
0, 0, 0, 0, 0, 0, 0, 0, 0
12, 0, 0, 2, 0, 3, 0, 0, 0
14, 0, 0, 2, 0, 4, 0, 0, 0
34, 0, 0, 2, 0, 15, 0, 4, 0
584, 0, 0, 165, 0, 55, 0, 41, 0
2, 0, 0, 1, 0, 1, 0, 0, 0
1332, 28, 0, 327, 7, 212, 8, 85, 0
1334, 28, 0, 327, 7, 212, 8, 86, 0
1336, 28, 0, 327, 7, 212, 8, 87, 0
0, 0, 0, 0, 0, 0, 0, 0, 0
0, 0, 0, 0, 0, 0, 0, 0, 0
0, 0, 0, 0, 0, 0, 0, 0, 0
0, 0, 0, 0, 0, 0, 0, 0, 0
6, 0, 0, 0, 0, 1, 0, 2, 0
0, 0, 0, 0, 0, 3, 0, 0, 0
2, 0, 0, 1, 1, 4, 0, 0, 0
8, 0, 0, 2, 1, 8, 0, 0, 0
2, 0, 0, 1, 0, 4, 0, 0, 0
4, 0, 0, 1, 0, 4, 0, 0, 0
10, 0, 0, 4, 1, 4, 0, 0, 0
12, 0, 0, 4, 1, 4, 0, 0, 0
4, 0, 0, 1, 0, 3, 0, 0, 0
36, 0, 0, 8, 2, 19, 0, 0, 0
8, 0, 0, 1, 0, 1, 0, 0, 0
4, 0, 0, 2, 0, 2, 0, 0, 0
4, 0, 0, 1, 0, 4, 0, 0, 0
4, 0, 0, 1, 1, 4, 0, 0, 0
4, 0, 0, 1, 0, 4, 0, 0, 0
4, 0, 0, 1, 1, 4, 0, 0, 0
4, 0, 0, 1, 0, 4, 0, 0, 0
4, 0, 0, 1, 1, 4, 0, 0, 0
4, 0, 0, 1, 0, 4, 0, 0, 0
4, 0, 0, 1, 1, 4, 0, 0, 0
2, 0, 0, 1, 0, 2, 0, 0, 0
12, 0, 0, 2, 0, 7, 0, 0, 0
4, 0, 0, 1, 0, 4, 0, 0, 0
16, 1, 0, 5, 3, 12, 0, 0, 0
0, 0, 0, 0, 2, 0, 0, 0, 0
48, 1, 0, 13, 8, 35, 0, 0, 0
2, 0, 0, 1, 1, 1, 0, 0, 0
124, 1, 0, 28, 12, 76, 0, 0, 0
0, 0, 0, 0, 2, 0, 0, 0, 0
94, 1, 0, 22, 13, 58, 0, 0, 0
4, 0, 0, 1, 0, 4, 0, 0, 0
0, 0, 0, 0, 2, 0, 0, 0, 0
48, 1, 0, 13, 8, 35, 0, 0, 0
16, 0, 0, 3, 0, 10, 0, 1, 0
10, 0, 0, 2, 0, 7, 0, 1, 0
24, 0, 0, 6, 3, 11, 0, 1, 0
4, 0, 0, 1, 0, 4, 0, 0, 0
4, 0, 0, 1, 1, 4, 0, 0, 0
4, 0, 0, 1, 0, 4, 0, 0, 0
4, 0, 0, 1, 1, 4, 0, 0, 0
16, 0, 0, 8, 0, 7, 0, 3, 0
450, 4, 0, 101, 44, 268, 0, 5, 0
2, 0, 0, 1, 0, 1, 0, 0, 0
46, 0, 0, 7, 1, 7, 0, 0, 0
94, 0, 0, 16, 2, 13, 0, 0, 0
4, 0, 0, 2, 0, 2, 0, 0, 0
2, 0, 0, 1, 0, 1, 0, 0, 0
4, 0, 0, 1, 0, 4, 0, 0, 0
4, 0, 0, 1, 0, 4, 0, 0, 0
16, 0, 0, 3, 0, 10, 0, 1, 0
48, 0, 0, 8, 0, 30, 0, 1, 0
24, 0, 0, 6, 5, 19, 0, 0, 0
34, 1, 0, 7, 3, 18, 0, 1, 0
0, 0, 0, 0, 2, 0, 0, 0, 0
36, 0, 0, 8, 5, 22, 0, 1, 0
222, 3, 0, 46, 24, 140, 0, 3, 0
0, 0, 0, 0, 0, 0, 0, 0, 0
4, 0, 0, 1, 0, 4, 0, 0, 0
16, 0, 0, 4, 3, 8, 0, 0, 0
22, 0, 0, 5, 3, 10, 0, 0, 0
4, 0, 0, 1, 0, 4, 0, 0, 0
4, 0, 0, 1, 1, 4, 0, 0, 0
12, 0, 0, 2, 1, 10, 0, 0, 0
86, 1, 0, 11, 3, 43, 0, 0, 0
412, 4, 0, 76, 30, 234, 0, 4, 0
503, 5, 0, 103, 44, 286, 0, 5, 0
626, 5, 0, 127, 46, 305, 0, 5, 0
28, 1, 0, 7, 0, 3, 0, 0, 0
698, 7, 0, 143, 51, 333, 0, 5, 0
700, 7, 0, 143, 51, 333, 0, 5, 0
702, 7, 0, 143, 51, 333, 0, 5, 0
0, 0, 0, 0, 0, 0, 0, 0, 0
0, 0, 0, 0, 0, 0, 0, 0, 0
50, 2, 0, 15, 1, 0, 0, 6, 0
2228, 39, 0, 523, 60, 547, 11, 114, 0
0, 0, 0, 0, 0, 0, 0, 0, 0
14784, 262, 0, 3494, 367, 3494, 76, 774, 0
14792, 262, 0, 3497, 367, 3494, 76, 774, 0
12, 0, 0, 0, 0, 2, 0, 4, 0
2, 0, 0, 1, 0, 1, 0, 0, 0
0, 0, 0, 0, 0, 2, 0, 0, 0
0, 0, 0, 0, 0, 1, 0, 0, 0
0, 0, 0, 0, 0, 0, 0, 0, 0
2, 0, 0, 0, 0, 0, 0, 1, 0
4, 0, 0, 0, 0, 0, 0, 1, 0
4, 0, 0, 2, 0, 2, 0, 0, 0
2, 0, 0, 1, 0, 1, 0, 0, 0
2, 0, 0, 1, 0, 1, 0, 1, 0
2, 0, 0, 0, 0, 0, 0, 1, 0
0, 0, 0, 0, 0, 0, 0, 0, 0
4, 0, 0, 1, 0, 1, 0, 0, 0
4, 0, 0, 0, 0, 0, 0, 1, 0
4, 0, 0, 1, 0, 1, 0, 1, 0
14, 0, 0, 4, 0, 4, 0, 2, 0
2, 0, 0, 1, 0, 0, 0, 0, 0
0, 0, 0, 0, 0, 0, 0, 0, 0
0, 0, 0, 0, 0, 4, 0, 0, 0
22, 2, 0, 8, 0, 9, 0, 1, 0
6, 2, 0, 2, 0, 10, 0, 0, 0
4, 0, 0, 1, 0, 1, 0, 1, 0
14, 0, 0, 4, 0, 4, 0, 2, 0
0, 0, 0, 0, 0, 3, 0, 0, 0
12, 0, 0, 2, 0, 8, 0, 1, 0
20, 0, 0, 6, 0, 15, 0, 0, 0
0, 0, 0, 0, 0, 0, 0, 0, 0
22, 0, 0, 3, 0, 9, 0, 3, 0
16, 0, 0, 6, 0, 8, 0, 0, 0
8, 0, 0, 2, 0, 4, 0, 0, 0
0, 0, 0, 0, 0, 0, 0, 0, 0
0, 0, 0, 0, 0, 0, 0, 0, 0
0, 0, 0, 0, 0, 0, 0, 0, 0
0, 0, 0, 0, 0, 0, 0, 0, 0
0, 0, 0, 0, 0, 0, 0, 0, 0
0, 0, 0, 0, 0, 0, 0, 0, 0
0, 0, 0, 0, 0, 0, 0, 0, 0
0, 0, 0, 0, 0, 0, 0, 0, 0
0, 0, 0, 0, 0, 0, 0, 0, 0
0, 0, 0, 0, 0, 0, 0, 0, 0
0, 0, 0, 0, 0, 0, 0, 0, 0
0, 0, 0, 0, 0, 0, 0, 0, 0
0, 0, 0, 0, 0, 0, 0, 0, 0
0, 0, 0, 0, 0, 0, 0, 0, 0
0, 0, 0, 0, 0, 0, 0, 0, 0
0, 0, 0, 0, 0, 0, 0, 0, 0
0, 0, 0, 0, 0, 0, 0, 0, 0
0, 0, 0, 0, 0, 0, 0, 0, 0
0, 0, 0, 0, 0, 0, 0, 0, 0
0, 0, 0, 0, 0, 0, 0, 0, 0
0, 0, 0, 0, 0, 0, 0, 0, 0
0, 0, 0, 0, 0, 0, 0, 0, 0
4, 0, 0, 0, 0, 0, 0, 0, 0
0, 0, 0, 0, 0, 0, 0, 0, 0
0, 0, 0, 0, 0, 0, 0, 0, 0
0, 0, 0, 0, 0, 0, 0, 0, 0
0, 0, 0, 0, 0, 0, 0, 0, 0
0, 0, 0, 0, 0, 0, 0, 0, 0
0, 0, 0, 0, 0, 0, 0, 0, 0
0, 0, 0, 0, 0, 0, 0, 0, 0
0, 0, 0, 0, 0, 0, 0, 0, 0
712, 7, 0, 147, 51, 333, 0, 5, 0
714, 7, 0, 147, 51, 333, 0, 5, 0
2, 0, 0, 1, 0, 2, 0, 0, 0
2, 0, 0, 1, 0, 1, 0, 0, 0
0, 0, 0, 0, 0, 1, 0, 1, 0
0, 0, 0, 0, 0, 1, 0, 1, 0
0, 0, 0, 0, 0, 0, 0, 0, 0
0, 0, 0, 0, 0, 0, 0, 0, 0
0, 0, 0, 0, 0, 1, 0, 1, 0
0, 0, 0, 0, 0, 0, 0, 1, 0
2, 0, 0, 1, 0, 3, 0, 0, 0
4, 0, 0, 2, 1, 2, 0, 0, 0
2, 0, 0, 1, 0, 1, 0, 0, 0
2, 0, 0, 1, 0, 1, 0, 0, 0
0, 0, 0, 0, 0, 0, 0, 0, 0
16, 0, 0, 5, 1, 4, 0, 0, 0
10, 0, 0, 4, 0, 3, 0, 0, 0
6, 0, 0, 2, 0, 3, 0, 1, 0
2, 0, 0, 1, 0, 1, 0, 0, 0
0, 0, 0, 0, 0, 1, 0, 0, 0
0, 0, 0, 0, 1, 0, 0, 0, 0
0, 0, 0, 0, 0, 0, 0, 0, 0
58, 1, 0, 19, 1, 11, 2, 7, 0
60, 2, 0, 19, 1, 14, 2, 7, 0
0, 0, 0, 0, 0, 0, 0, 0, 0
0, 0, 0, 0, 0, 0, 0, 0, 0
0, 0, 0, 0, 0, 0, 0, 0, 0
4, 0, 0, 0, 0, 1, 0, 0, 0
0, 0, 0, 0, 0, 0, 0, 1, 0
0, 0, 0, 0, 0, 0, 0, 0, 0
0, 0, 0, 0, 0, 0, 0, 0, 0
0, 0, 0, 0, 0, 0, 0, 0, 0
10, 0, 0, 1, 0, 3, 0, 0, 0
14, 0, 0, 1, 0, 5, 0, 0, 0
16, 0, 0, 1, 0, 8, 0, 0, 0
18, 0, 0, 1, 0, 8, 0, 0, 0
0, 0, 0, 0, 0, 0, 0, 0, 0
16, 0, 0, 1, 0, 8, 0, 0, 0
18, 0, 0, 1, 0, 8, 0, 0, 0
2, 0, 0, 1, 1, 2, 0, 1, 0
2, 0, 0, 1, 1, 2, 0, 0, 0
0, 0, 0, 0, 0, 0, 0, 0, 0
92, 1, 0, 7, 3, 38, 0, 1, 0
278, 5, 0, 37, 9, 102, 2, 10, 0
0, 0, 0, 0, 0, 0, 0, 0, 0
10, 0, 0, 0, 2, 6, 0, 1, 0
0, 0, 0, 0, 0, 0, 0, 0, 0
14, 0, 0, 0, 3, 6, 0, 2, 0
298, 5, 0, 37, 12, 109, 2, 12, 0
306, 5, 0, 39, 13, 112, 2, 12, 0
286, 5, 0, 39, 9, 105, 2, 10, 0
24, 0, 0, 3, 0, 10, 0, 3, 0
38, 0, 0, 7, 0, 18, 0, 3, 0
0, 0, 0, 0, 0, 0, 0, 0, 0
48, 1, 0, 13, 0, 11, 2, 2, 0
2, 0, 0, 1, 0, 0, 0, 0, 0
10, 0, 0, 4, 0, 0, 0, 0, 0
2, 0, 0, 1, 0, 0, 0, 0, 0
22, 0, 0, 11, 0, 0, 0, 0, 0
24, 0, 0, 11, 0, 0, 0, 0, 0
0, 0, 0, 0, 0, 0, 0, 0, 0
0, 0, 0, 0, 0, 0, 0, 0, 0
0, 0, 0, 0, 0, 4, 0, 0, 0
0, 0, 0, 0, 0, 2, 0, 0, 0
0, 0, 0, 0, 0, 0, 0, 0, 0
8, 0, 0, 3, 0, 0, 0, 0, 0
2, 0, 0, 1, 0, 2, 0, 0, 0
182, 0, 0, 41, 0, 14, 0, 4, 0
186, 0, 0, 41, 0, 14, 0, 4, 0
0, 0, 0, 0, 0, 0, 0, 0, 0
308, 1, 0, 71, 0, 50, 2, 8, 0
0, 0, 0, 0, 0, 0, 0, 0, 0
2, 1, 0, 0, 0, 2, 0, 1, 0
6, 1, 0, 1, 0, 3, 0, 1, 0
8, 1, 0, 1, 0, 3, 0, 1, 0
2, 0, 0, 1, 0, 1, 0, 1, 0
0, 0, 0, 0, 0, 0, 0, 0, 0
2, 0, 0, 0, 1, 4, 0, 0, 0
4, 0, 0, 0, 1, 4, 0, 0, 0
14, 0, 0, 3, 1, 6, 0, 1, 0
0, 0, 0, 0, 0, 0, 0, 0, 0
2, 0, 0, 0, 0, 0, 0, 1, 0
38, 2, 0, 5, 1, 12, 0, 4, 0
6, 0, 0, 0, 0, 1, 0, 3, 0
8, 0, 0, 1, 2, 12, 0, 0, 0
10, 0, 0, 1, 2, 13, 0, 0, 0
4, 0, 0, 0, 0, 0, 0, 0, 0
10, 0, 0, 1, 0, 2, 0, 0, 0
2, 0, 0, 0, 4, 5, 0, 0, 0
86, 1, 0, 12, 6, 20, 0, 0, 0
0, 0, 0, 0, 0, 0, 0, 0, 0
0, 0, 0, 0, 0, 0, 0, 0, 0
94, 1, 0, 13, 6, 36, 0, 2, 0
98, 1, 0, 13, 8, 42, 0, 2, 0
0, 0, 0, 0, 0, 0, 0, 0, 0
50, 2, 0, 15, 1, 0, 0, 6, 0
0, 0, 0, 0, 0, 0, 0, 0, 0
174, 3, 0, 29, 11, 62, 0, 13, 0
0, 0, 0, 0, 0, 0, 0, 0, 0
42, 2, 0, 5, 2, 13, 0, 4, 0
2, 0, 0, 0, 0, 0, 0, 0, 0
44, 2, 0, 5, 2, 14, 0, 6, 0
0, 0, 0, 0, 0, 0, 0, 0, 0
0, 0, 0, 0, 0, 0, 0, 0, 0
8, 3, 0, 2, 1, 14, 0, 0, 0
0, 0, 0, 0, 0, 3, 0, 0, 0
0, 0, 0, 0, 0, 2, 0, 0, 0
14, 3, 0, 2, 1, 19, 0, 0, 0
6, 0, 0, 0, 0, 1, 0, 3, 0
2, 0, 0, 0, 0, 0, 0, 1, 0
12, 0, 0, 0, 0, 2, 0, 4, 0
0, 1, 0, 0, 0, 1, 0, 0, 0
0, 3, 0, 0, 0, 2, 0, 0, 0
0, 0, 0, 0, 0, 2, 0, 0, 0
12, 0, 0, 5, 0, 6, 0, 0, 0
0, 0, 0, 0, 2, 0, 0, 0, 0
18, 3, 0, 5, 3, 8, 0, 1, 0
24, 4, 0, 6, 3, 10, 0, 1, 0
54, 1, 0, 0, 1, 8, 0, 1, 0
359, 10, 0, 46, 17, 109, 0, 28, 0
54, 1, 0, 0, 1, 8, 0, 1, 0
100, 3, 0, 5, 2, 21, 0, 7, 0
687, 50, 0, 103, 44, 248, 0, 61, 0
689, 50, 0, 103, 44, 248, 0, 61, 0
1432, 102, 0, 213, 92, 516, 0, 130, 0
2866, 204, 0, 426, 181, 1025, 0, 258, 0
0, 0, 0, 0, 3, 1, 0, 0, 0
18, 0, 0, 2, 0, 14, 0, 3, 0
0, 1, 0, 0, 0, 0, 0, 0, 0
6, 0, 0, 0, 0, 2, 0, 2, 0
6, 0, 0, 0, 0, 2, 0, 2, 0
2, 0, 0, 1, 0, 0, 0, 0, 0
18, 0, 0, 1, 0, 4, 0, 4, 0
40, 0, 0, 3, 0, 9, 0, 8, 0
88, 2, 0, 8, 1, 23, 0, 15, 0
0, 0, 0, 0, 0, 0, 0, 0, 0
26, 3, 0, 2, 1, 26, 0, 4, 0
28, 3, 0, 2, 1, 26, 0, 4, 0
44, 3, 0, 9, 1, 19, 0, 5, 0
42, 0, 0, 3, 0, 10, 0, 8, 0
58, 2, 0, 7, 3, 18, 0, 10, 0
50, 0, 0, 3, 6, 13, 0, 11, 0
0, 0, 0, 0, 0, 1, 0, 2, 0
4, 0, 0, 0, 0, 1, 0, 2, 0
6, 0, 0, 0, 0, 2, 0, 2, 0
0, 0, 0, 0, 0, 0, 0, 0, 0
884, 55, 0, 118, 46, 298, 0, 115, 0
6, 0, 0, 0, 0, 1, 0, 3, 0
248, 8, 0, 36, 15, 101, 0, 21, 0
224, 5, 0, 36, 14, 77, 0, 17, 0
0, 1, 0, 0, 0, 3, 0, 0, 0
2, 1, 0, 0, 0, 3, 0, 0, 0
2, 0, 0, 0, 0, 0, 0, 1, 0
6, 0, 0, 0, 0, 1, 0, 2, 0
0, 0, 0, 0, 0, 0, 0, 0, 0
1172, 56, 0, 186, 77, 434, 0, 93, 0
0, 0, 0, 0, 0, 0, 0, 0, 0
2, 0, 0, 0, 1, 0, 0, 1, 0
0, 0, 0, 0, 0, 0, 0, 0, 0
20, 3, 0, 5, 3, 8, 0, 1, 0
26, 4, 0, 6, 3, 10, 0, 1, 0
90, 12, 0, 18, 10, 30, 0, 4, 0
0, 0, 0, 0, 0, 0, 0, 0, 0
56, 2, 0, 15, 3, 10, 0, 6, 0
94, 1, 0, 7, 3, 38, 0, 1, 0
190, 2, 0, 14, 6, 76, 0, 2, 0
0, 1, 0, 0, 0, 0, 0, 0, 0
2, 0, 0, 0, 0, 0, 0, 0, 0
6, 0, 0, 3, 0, 2, 0, 0, 0
16, 0, 0, 4, 0, 4, 0, 2, 0
20, 0, 0, 5, 0, 5, 0, 2, 0
0, 0, 0, 0, 0, 0, 0, 0, 0
56, 2, 0, 15, 3, 10, 0, 6, 0
4, 0, 0, 2, 0, 12, 0, 0, 0
6, 0, 0, 2, 1, 14, 0, 0, 0
10, 0, 0, 3, 1, 14, 0, 0, 0
200, 3, 0, 35, 14, 85, 0, 12, 0
0, 0, 0, 0, 0, 0, 0, 0, 0
2, 0, 0, 0, 0, 0, 0, 0, 0
232, 3, 0, 40, 16, 92, 0, 16, 0
2, 0, 0, 0, 0, 0, 0, 0, 0
2, 0, 0, 0, 0, 0, 0, 0, 0
36, 0, 0, 3, 0, 14, 0, 4, 0
8, 0, 0, 3, 0, 3, 0, 0, 0
10, 0, 0, 3, 0, 3, 0, 0, 0
188, 2, 0, 14, 6, 76, 0, 2, 0
0, 0, 0, 0, 0, 0, 0, 1, 0
2, 0, 0, 0, 0, 0, 0, 2, 0
4, 0, 0, 0, 0, 0, 0, 3, 0
14, 0, 0, 7, 6, 10, 0, 4, 0
0, 0, 0, 0, 0, 0, 0, 1, 0
8, 0, 0, 1, 3, 2, 0, 5, 0
2164, 37, 0, 286, 94, 790, 14, 100, 0
2248, 41, 0, 297, 96, 815, 14, 108, 0
2470, 44, 0, 333, 112, 905, 14, 123, 0
5420, 104, 0, 718, 243, 1997, 28, 252, 0
10, 0, 0, 3, 0, 3, 0, 0, 0
2166, 37, 0, 286, 94, 790, 14, 100, 0
4, 0, 0, 1, 0, 1, 0, 2, 0
16, 0, 0, 0, 3, 6, 0, 2, 0
4504, 90, 0, 604, 206, 1639, 28, 210, 0
340, 7, 0, 46, 13, 119, 2, 19, 0
16, 0, 0, 0, 3, 6, 0, 2, 0
12, 0, 0, 0, 2, 7, 0, 1, 0
820, 26, 0, 110, 45, 293, 4, 47, 0
2452, 44, 0, 332, 111, 901, 14, 120, 0
10, 0, 0, 3, 0, 3, 0, 0, 0
0, 0, 0, 0, 0, 0, 0, 0, 0
5008, 100, 0, 688, 230, 1837, 28, 243, 0
0, 0, 0, 0, 0, 0, 0, 0, 0
174, 4, 0, 16, 9, 70, 0, 10, 0
2, 0, 0, 0, 0, 1, 0, 0, 0
38, 0, 0, 7, 1, 18, 0, 3, 0
42, 0, 0, 8, 2, 20, 0, 3, 0
180, 0, 0, 32, 0, 74, 0, 15, 0
182, 0, 0, 32, 0, 74, 0, 15, 0
0, 0, 0, 0, 0, 0, 0, 0, 0
2, 1, 0, 0, 0, 2, 0, 0, 0
18, 0, 0, 5, 0, 6, 0, 1, 0
130, 2, 0, 25, 2, 52, 0, 9, 0
2, 2, 0, 0, 0, 0, 0, 1, 0
4, 2, 0, 0, 0, 0, 0, 1, 0
228, 2, 0, 37, 1, 87, 0, 21, 0
808, 23, 0, 142, 14, 303, 0, 65, 0
4, 2, 0, 0, 0, 0, 0, 1, 0
6, 0, 0, 0, 0, 1, 0, 2, 0
10, 1, 0, 0, 0, 5, 0, 2, 0
0, 0, 0, 0, 0, 0, 0, 0, 0
154, 22, 0, 24, 12, 50, 0, 14, 0
0, 0, 0, 0, 0, 0, 0, 0, 0
0, 0, 0, 0, 0, 0, 0, 0, 0
0, 0, 0, 0, 0, 0, 0, 0, 0
0, 0, 0, 0, 0, 0, 0, 0, 0
0, 0, 0, 0, 0, 0, 0, 0, 0
0, 0, 0, 0, 0, 0, 0, 0, 0
0, 0, 0, 0, 0, 0, 0, 0, 0
0, 0, 0, 0, 0, 0, 0, 0, 0
0, 0, 0, 0, 0, 0, 0, 0, 0
0, 0, 0, 0, 0, 0, 0, 0, 0
0, 0, 0, 0, 0, 0, 0, 0, 0
0, 0, 0, 0, 0, 0, 0, 0, 0
0, 0, 0, 0, 0, 0, 0, 0, 0
0, 0, 0, 0, 0, 0, 0, 0, 0
0, 0, 0, 0, 0, 0, 0, 0, 0
0, 0, 0, 0, 0, 0, 0, 0, 0
0, 0, 0, 0, 0, 0, 0, 0, 0
0, 0, 0, 0, 0, 0, 0, 0, 0
0, 0, 0, 0, 0, 0, 0, 0, 0
0, 0, 0, 0, 0, 0, 0, 0, 0
0, 0, 0, 0, 0, 0, 0, 0, 0
0, 0, 0, 0, 0, 0, 0, 0, 0
0, 0, 0, 0, 0, 0, 0, 0, 0
0, 0, 0, 0, 0, 0, 0, 0, 0
0, 0, 0, 0, 0, 0, 0, 0, 0
0, 0, 0, 0, 0, 0, 0, 0, 0
0, 0, 0, 0, 0, 0, 0, 0, 0
0, 0, 0, 0, 0, 0, 0, 0, 0
0, 0, 0, 0, 0, 0, 0, 0, 0
0, 0, 0, 0, 0, 0, 0, 0, 0
0, 0, 0, 0, 0, 0, 0, 0, 0
0, 0, 0, 0, 0, 0, 0, 0, 0
0, 0, 0, 0, 0, 0, 0, 0, 0
0, 0, 0, 0, 0, 0, 0, 0, 0
0, 0, 0, 0, 0, 0, 0, 1, 0
0, 0, 0, 0, 0, 0, 0, 1, 0
0, 0, 0, 0, 0, 0, 0, 1, 0
0, 0, 0, 0, 0, 0, 0, 1, 0
0, 0, 0, 0, 0, 0, 0, 0, 0
0, 0, 0, 0, 0, 0, 0, 0, 0
0, 0, 0, 0, 0, 0, 0, 0, 0
0, 0, 0, 0, 0, 0, 0, 0, 0
0, 0, 0, 0, 0, 0, 0, 0, 0
0, 0, 0, 0, 0, 0, 0, 0, 0
0, 0, 0, 0, 0, 0, 0, 0, 0
0, 0, 0, 0, 0, 0, 0, 0, 0
0, 0, 0, 0, 0, 0, 0, 0, 0
0, 0, 0, 0, 0, 0, 0, 0, 0
0, 0, 0, 0, 2, 0, 0, 0, 0
2, 0, 0, 1, 0, 1, 0, 0, 0
2, 0, 0, 1, 0, 1, 0, 0, 0
18, 0, 0, 7, 2, 9, 0, 0, 0
38, 0, 0, 8, 4, 22, 0, 3, 0
10, 0, 0, 5, 0, 8, 0, 0, 0
12, 0, 0, 5, 0, 8, 0, 0, 0
2, 1, 0, 1, 2, 1, 0, 0, 0
2, 0, 0, 1, 0, 1, 0, 0, 0
6, 0, 0, 2, 0, 3, 0, 0, 0
2, 0, 0, 1, 0, 1, 0, 0, 0
396, 6, 0, 70, 26, 159, 0, 25, 0
402, 7, 0, 71, 28, 163, 0, 25, 0
2, 0, 0, 1, 0, 2, 0, 0, 0
8, 0, 0, 4, 0, 7, 0, 0, 0
20, 0, 0, 8, 0, 16, 0, 0, 0
24, 0, 0, 10, 0, 20, 0, 0, 0
22, 0, 0, 8, 0, 12, 0, 0, 0
10, 0, 0, 2, 0, 6, 0, 0, 0
2, 0, 0, 1, 0, 0, 0, 0, 0
2, 0, 0, 1, 0, 1, 0, 0, 0
6, 0, 0, 2, 0, 3, 0, 0, 0
4, 0, 0, 1, 0, 1, 0, 0, 0
0, 0, 0, 0, 2, 0, 0, 0, 0
2, 0, 0, 1, 0, 1, 0, 0, 0
432, 7, 0, 75, 30, 175, 0, 25, 0
18, 0, 0, 7, 0, 9, 0, 0, 0
1398, 21, 0, 242, 95, 558, 0, 88, 0
1406, 21, 0, 244, 95, 560, 0, 88, 0
14, 0, 0, 3, 2, 7, 0, 1, 0
22, 0, 0, 7, 2, 13, 0, 1, 0
933, 50, 0, 161, 68, 361, 0, 72, 0
1868, 100, 0, 322, 136, 719, 0, 142, 0
0, 0, 0, 0, 0, 0, 0, 0, 0
4, 0, 0, 0, 0, 2, 0, 0, 0
0, 0, 0, 0, 0, 0, 0, 0, 0
2, 0, 0, 0, 0, 0, 0, 1, 0
0, 0, 0, 0, 0, 0, 0, 0, 0
18, 0, 0, 2, 0, 1, 0, 1, 0
28, 0, 0, 2, 0, 7, 0, 1, 0
0, 0, 0, 0, 0, 0, 0, 0, 0
8, 0, 0, 1, 0, 1, 0, 2, 0
2, 0, 0, 1, 0, 0, 0, 0, 0
4, 1, 0, 1, 0, 0, 0, 0, 0
0, 0, 0, 0, 0, 0, 0, 0, 0
0, 0, 0, 0, 0, 0, 0, 0, 0
2, 0, 0, 1, 0, 0, 0, 0, 0
32, 1, 0, 10, 1, 0, 0, 0, 0
2, 0, 0, 1, 0, 0, 0, 0, 0
4, 0, 0, 1, 0, 0, 0, 1, 0
6, 0, 0, 0, 0, 1, 0, 2, 0
40, 2, 0, 5, 1, 12, 0, 4, 0
8, 0, 0, 0, 0, 1, 0, 3, 0
396, 34, 0, 78, 24, 99, 0, 27, 0
0, 0, 0, 0, 0, 0, 0, 0, 0
4, 0, 0, 1, 0, 0, 0, 0, 0
6, 0, 0, 1, 0, 0, 0, 0, 0
8, 0, 0, 1, 0, 0, 0, 0, 0
0, 0, 0, 0, 0, 0, 0, 0, 0
4, 0, 0, 1, 0, 0, 0, 0, 0
38, 0, 0, 7, 0, 1, 0, 2, 0
20, 0, 0, 5, 0, 8, 0, 1, 0
0, 0, 0, 0, 0, 0, 0, 0, 0
0, 0, 0, 0, 0, 0, 0, 0, 0
20, 0, 0, 5, 0, 8, 0, 0, 0
46, 0, 0, 12, 0, 16, 0, 0, 0
0, 0, 0, 0, 0, 0, 0, 0, 0
0, 0, 0, 0, 0, 0, 0, 0, 0
0, 0, 0, 0, 1, 0, 0, 0, 0
242, 0, 0, 56, 9, 93, 0, 9, 0
1648, 28, 0, 285, 112, 656, 0, 111, 0
1400, 21, 0, 242, 95, 558, 0, 88, 0
416, 6, 0, 73, 28, 168, 0, 25, 0
418, 6, 0, 73, 28, 168, 0, 25, 0
1846, 27, 0, 324, 123, 738, 0, 113, 0
10, 0, 0, 4, 0, 0, 0, 0, 0
16, 0, 0, 6, 0, 2, 0, 0, 0
18, 0, 0, 6, 0, 2, 0, 0, 0
2, 0, 0, 1, 1, 1, 0, 0, 0
1440, 21, 0, 249, 98, 574, 0, 90, 0
1408, 21, 0, 244, 95, 560, 0, 88, 0
0, 0, 0, 0, 0, 0, 0, 0, 0
0, 0, 0, 0, 0, 0, 0, 0, 0
0, 0, 0, 0, 0, 0, 0, 0, 0
0, 0, 0, 0, 0, 0, 0, 0, 0
0, 0, 0, 0, 0, 0, 0, 0, 0
0, 0, 0, 0, 0, 0, 0, 0, 0
20, 0, 0, 4, 2, 2, 0, 0, 0
22, 0, 0, 4, 2, 3, 0, 0, 0
4, 0, 0, 0, 0, 1, 0, 2, 0
0, 0, 0, 0, 0, 0, 0, 0, 0
0, 0, 0, 0, 0, 0, 0, 0, 0
8, 0, 0, 2, 0, 0, 0, 0, 0
20, 0, 0, 2, 0, 1, 0, 1, 0
8, 0, 0, 2, 0, 0, 0, 0, 0
66, 0, 0, 11, 0, 3, 0, 4, 0
220, 2, 0, 36, 2, 20, 0, 15, 0
17708, 296, 0, 3118, 1158, 6827, 0, 1078, 0
6, 0, 0, 0, 0, 1, 0, 3, 0
6, 0, 0, 0, 0, 0, 0, 0, 0
0, 0, 0, 0, 0, 0, 0, 0, 0
108, 12, 0, 18, 9, 32, 0, 8, 0
2, 0, 0, 1, 0, 0, 0, 0, 0
6, 1, 0, 3, 1, 5, 0, 0, 0
10, 2, 0, 4, 1, 5, 0, 0, 0
4, 0, 0, 0, 0, 0, 0, 0, 0
18, 2, 0, 4, 1, 5, 0, 1, 0
0, 0, 0, 0, 0, 0, 0, 0, 0
2, 0, 0, 0, 0, 0, 0, 1, 0
0, 0, 0, 0, 0, 0, 0, 0, 0
0, 0, 0, 0, 0, 0, 0, 0, 0
2, 0, 0, 1, 0, 1, 0, 0, 0
10, 0, 0, 3, 0, 2, 0, 0, 0
0, 0, 0, 0, 0, 0, 0, 0, 0
28, 0, 0, 8, 0, 4, 0, 0, 0
34, 0, 0, 9, 0, 4, 0, 0, 0
2, 0, 0, 1, 0, 0, 0, 0, 0
0, 0, 0, 0, 0, 0, 0, 0, 0
0, 0, 0, 0, 0, 0, 0, 0, 0
0, 0, 0, 0, 0, 0, 0, 0, 0
0, 0, 0, 0, 0, 0, 0, 0, 0
0, 0, 0, 0, 0, 0, 0, 0, 0
0, 0, 0, 0, 0, 0, 0, 0, 0
0, 0, 0, 0, 0, 0, 0, 0, 0
0, 0, 0, 0, 0, 0, 0, 0, 0
0, 0, 0, 0, 0, 0, 0, 0, 0
0, 0, 0, 0, 0, 0, 0, 0, 0
0, 0, 0, 0, 0, 0, 0, 0, 0
0, 0, 0, 0, 0, 0, 0, 0, 0
0, 0, 0, 0, 0, 0, 0, 0, 0
0, 0, 0, 0, 0, 1, 0, 0, 0
0, 0, 0, 0, 0, 0, 0, 0, 0
0, 0, 0, 0, 0, 0, 0, 0, 0
0, 0, 0, 0, 0, 0, 0, 0, 0
0, 0, 0, 0, 0, 0, 0, 0, 0
0, 0, 0, 0, 0, 0, 0, 0, 0
0, 0, 0, 0, 0, 0, 0, 0, 0
0, 0, 0, 0, 0, 0, 0, 0, 0
0, 0, 0, 0, 0, 0, 0, 0, 0
0, 0, 0, 0, 0, 0, 0, 0, 0
0, 0, 0, 0, 0, 0, 0, 0, 0
0, 0, 0, 0, 0, 0, 0, 0, 0
0, 0, 0, 0, 0, 0, 0, 0, 0
0, 0, 0, 0, 0, 0, 0, 0, 0
0, 0, 0, 0, 0, 0, 0, 0, 0
0, 0, 0, 0, 0, 0, 0, 0, 0
0, 0, 0, 0, 0, 0, 0, 0, 0
0, 0, 0, 0, 0, 0, 0, 0, 0
0, 0, 0, 0, 0, 0, 0, 0, 0
0, 0, 0, 0, 0, 0, 0, 0, 0
0, 0, 0, 0, 0, 0, 0, 0, 0
0, 0, 0, 0, 0, 0, 0, 0, 0
0, 0, 0, 0, 0, 0, 0, 0, 0
0, 0, 0, 0, 0, 0, 0, 0, 0
0, 0, 0, 0, 0, 0, 0, 0, 0
10, 0, 0, 3, 0, 3, 0, 1, 0
4, 0, 0, 0, 1, 5, 0, 1, 0
150, 7, 0, 42, 4, 23, 0, 5, 0
2, 0, 0, 1, 0, 1, 0, 0, 0
4, 0, 0, 2, 0, 2, 0, 0, 0
2, 0, 0, 0, 0, 0, 0, 1, 0
0, 0, 0, 0, 0, 0, 0, 0, 0
0, 0, 0, 0, 0, 0, 0, 0, 0
0, 0, 0, 0, 0, 0, 0, 0, 0
0, 0, 0, 0, 0, 0, 0, 0, 0
0, 0, 0, 0, 0, 0, 0, 0, 0
0, 0, 0, 0, 0, 0, 0, 0, 0
0, 0, 0, 0, 0, 0, 0, 0, 0
4, 1, 0, 2, 0, 0, 0, 0, 0
6, 1, 0, 2, 0, 0, 0, 0, 0
4, 0, 0, 2, 0, 0, 0, 0, 0
6, 2, 0, 2, 0, 0, 0, 0, 0
2, 1, 0, 1, 0, 0, 0, 0, 0
2, 0, 0, 1, 0, 1, 0, 0, 0
6, 0, 0, 1, 0, 3, 0, 0, 0
8, 0, 0, 1, 0, 4, 0, 0, 0
26, 0, 0, 6, 0, 13, 0, 0, 0
0, 0, 0, 0, 0, 0, 0, 0, 0
8, 0, 0, 3, 0, 6, 0, 0, 0
0, 0, 0, 0, 0, 0, 0, 1, 0
2, 0, 0, 0, 0, 2, 0, 1, 0
0, 0, 0, 0, 0, 0, 0, 0, 0
0, 0, 0, 0, 0, 0, 0, 0, 0
0, 0, 0, 0, 0, 0, 0, 0, 0
0, 0, 0, 0, 0, 0, 0, 0, 0
0, 0, 0, 0, 0, 0, 0, 0, 0
0, 0, 0, 0, 0, 0, 0, 0, 0
0, 0, 0, 0, 0, 0, 0, 0, 0
0, 0, 0, 0, 0, 1, 0, 0, 0
0, 0, 0, 0, 1, 0, 0, 0, 0
12, 0, 0, 2, 0, 5, 0, 0, 0
0, 0, 0, 0, 0, 1, 0, 0, 0
10, 0, 0, 2, 0, 4, 0, 0, 0
0, 0, 0, 0, 0, 1, 0, 0, 0
0, 0, 0, 0, 0, 1, 0, 0, 0
0, 0, 0, 0, 0, 0, 0, 0, 0
0, 0, 0, 0, 0, 0, 0, 0, 0
0, 0, 0, 0, 0, 0, 0, 0, 0
6, 0, 0, 1, 0, 4, 0, 3, 0
4, 0, 0, 2, 0, 1, 0, 0, 0
0, 0, 0, 0, 0, 0, 0, 0, 0
14, 0, 0, 7, 0, 7, 0, 0, 0
26, 0, 0, 10, 1, 22, 0, 0, 0
32, 0, 0, 11, 1, 24, 0, 0, 0
60, 0, 0, 15, 1, 31, 0, 4, 0
62, 0, 0, 15, 1, 31, 0, 4, 0
62, 0, 0, 15, 1, 31, 0, 4, 0
62, 0, 0, 15, 1, 31, 0, 4, 0
62, 0, 0, 15, 1, 31, 0, 4, 0
36, 1, 0, 11, 1, 25, 0, 0, 0
2, 0, 0, 1, 0, 0, 0, 1, 0
2, 0, 0, 0, 0, 0, 0, 0, 0
6, 0, 0, 0, 0, 0, 0, 0, 0
0, 0, 0, 0, 0, 0, 0, 0, 0
0, 0, 0, 0, 0, 0, 0, 0, 0
2, 0, 0, 0, 0, 2, 0, 0, 0
4, 0, 0, 0, 5, 8, 0, 0, 0
16, 0, 0, 0, 13, 20, 0, 0, 0
34, 0, 0, 2, 19, 33, 0, 0, 0
36, 0, 0, 2, 19, 33, 0, 0, 0
15, 0, 0, 0, 0, 5, 0, 2, 0
47, 0, 0, 3, 19, 38, 0, 3, 0
0, 0, 0, 0, 0, 2, 0, 1, 0
2, 0, 0, 0, 0, 1, 0, 0, 0
6, 0, 0, 0, 0, 3, 0, 1, 0
71, 0, 0, 3, 19, 46, 0, 8, 0
73, 0, 0, 3, 19, 52, 0, 8, 0
0, 0, 0, 0, 0, 0, 0, 0, 0
0, 0, 0, 0, 0, 0, 0, 0, 0
0, 0, 0, 0, 0, 0, 0, 0, 0
0, 0, 0, 0, 0, 0, 0, 0, 0
0, 0, 0, 0, 0, 0, 0, 0, 0
0, 0, 0, 0, 0, 0, 0, 0, 0
0, 0, 0, 0, 0, 0, 0, 0, 0
0, 0, 0, 0, 0, 0, 0, 0, 0
0, 0, 0, 0, 0, 0, 0, 0, 0
0, 0, 0, 0, 0, 0, 0, 0, 0
0, 0, 0, 0, 0, 0, 0, 0, 0
2, 0, 0, 1, 0, 1, 0, 0, 0
4, 0, 0, 1, 0, 9, 0, 0, 0
4, 0, 0, 1, 0, 1, 0, 0, 0
10, 0, 0, 1, 0, 2, 0, 0, 0
12, 0, 0, 1, 0, 3, 0, 0, 0
14, 0, 0, 1, 0, 4, 0, 0, 0
2, 0, 0, 0, 0, 1, 0, 0, 0
8, 0, 0, 1, 0, 2, 0, 0, 0
10, 1, 0, 1, 0, 4, 0, 0, 0
12, 1, 0, 1, 0, 5, 0, 0, 0
4, 0, 0, 1, 0, 3, 0, 0, 0
6, 1, 0, 1, 0, 5, 0, 0, 0
8, 1, 0, 1, 0, 6, 0, 0, 0
14, 0, 0, 1, 0, 3, 0, 0, 0
16, 0, 0, 1, 0, 4, 0, 0, 0
0, 0, 0, 0, 0, 1, 0, 0, 0
4, 0, 0, 0, 0, 0, 0, 0, 0
4, 0, 0, 0, 0, 0, 0, 0, 0
0, 0, 0, 0, 0, 0, 0, 0, 0
118, 2, 0, 19, 6, 25, 0, 0, 0
1000, 11, 0, 186, 69, 400, 0, 5, 0
54, 1, 0, 11, 0, 6, 0, 0, 0
2106, 28, 0, 397, 138, 814, 0, 10, 0
2108, 28, 0, 397, 138, 814, 0, 10, 0
2, 0, 0, 0, 0, 1, 0, 0, 0
54, 2, 0, 15, 1, 9, 0, 6, 0
0, 0, 0, 0, 1, 0, 0, 0, 0
0, 0, 0, 0, 0, 0, 0, 0, 0
0, 0, 0, 0, 0, 0, 0, 0, 0
2, 0, 0, 1, 0, 0, 0, 0, 0
328, 9, 0, 56, 12, 61, 0, 2, 0
122, 2, 0, 19, 6, 26, 0, 0, 0
566, 16, 0, 97, 18, 105, 0, 4, 0
570, 16, 0, 97, 18, 105, 0, 4, 0
0, 0, 0, 0, 0, 2, 0, 0, 0
2, 0, 0, 1, 0, 1, 0, 0, 0
16, 0, 0, 5, 0, 5, 0, 0, 0
6, 0, 0, 2, 0, 1, 0, 0, 0
10, 1, 0, 3, 0, 2, 0, 0, 0
30, 1, 0, 8, 0, 7, 0, 2, 0
4, 0, 0, 1, 0, 4, 0, 3, 0
2, 0, 0, 1, 0, 1, 0, 0, 0
8, 0, 0, 2, 0, 2, 0, 3, 0
0, 0, 0, 0, 0, 0, 0, 0, 0
18, 0, 0, 3, 0, 6, 0, 6, 0
52, 1, 0, 11, 0, 13, 0, 8, 0
54, 1, 0, 11, 0, 14, 0, 8, 0
56, 1, 0, 11, 0, 15, 0, 8, 0
702, 19, 0, 127, 19, 135, 0, 20, 0
0, 0, 0, 0, 0, 0, 0, 0, 0
130, 3, 0, 30, 1, 24, 0, 14, 0
6, 0, 0, 3, 0, 0, 0, 2, 0
6, 0, 0, 0, 0, 2, 0, 2, 0
2, 0, 0, 1, 0, 1, 0, 0, 0
0, 0, 0, 0, 1, 0, 0, 0, 0
26, 0, 0, 5, 1, 5, 0, 4, 0
48, 0, 0, 8, 1, 11, 0, 10, 0
54, 0, 0, 9, 1, 15, 0, 10, 0
56, 0, 0, 9, 1, 16, 0, 10, 0
4, 0, 0, 1, 0, 0, 0, 0, 0
8, 0, 0, 2, 0, 0, 0, 1, 0
2, 0, 0, 0, 0, 0, 0, 1, 0
0, 0, 0, 0, 0, 0, 0, 0, 0
2, 0, 0, 1, 0, 0, 0, 0, 0
0, 0, 0, 0, 1, 0, 0, 0, 0
16, 0, 0, 6, 1, 3, 0, 0, 0
2, 1, 0, 1, 0, 0, 0, 0, 0
26, 1, 0, 8, 1, 3, 0, 1, 0
290, 13, 0, 70, 5, 57, 4, 25, 0
292, 13, 0, 70, 5, 57, 4, 25, 0
2, 0, 0, 1, 0, 0, 0, 0, 0
6, 1, 0, 3, 0, 0, 0, 10, 0
4, 0, 0, 1, 0, 0, 0, 0, 0
2, 0, 0, 1, 0, 0, 0, 0, 0
12, 0, 0, 4, 1, 3, 0, 0, 0
1182, 53, 0, 289, 20, 220, 16, 107, 0
4362, 106, 0, 887, 188, 1266, 16, 186, 0
0, 0, 0, 0, 0, 0, 0, 0, 0
6, 1, 0, 2, 0, 3, 0, 0, 0
14, 2, 0, 4, 0, 3, 0, 0, 0
0, 0, 0, 0, 0, 0, 0, 0, 0
156, 3, 0, 28, 11, 52, 0, 10, 0
366, 14, 0, 74, 14, 114, 4, 26, 0
240, 11, 0, 57, 4, 56, 4, 22, 0
5242, 142, 0, 1076, 217, 1508, 28, 258, 0
0, 0, 0, 0, 0, 0, 0, 0, 0
96, 1, 0, 13, 6, 36, 0, 2, 0
0, 0, 0, 0, 0, 0, 0, 0, 0
96, 1, 0, 13, 6, 36, 0, 2, 0
2, 0, 0, 1, 0, 0, 0, 0, 0
6, 0, 0, 1, 0, 0, 0, 1, 0
0, 0, 0, 0, 0, 5, 0, 0, 0
4, 0, 0, 0, 2, 10, 0, 0, 0
32, 1, 0, 8, 0, 5, 0, 0, 0
10, 0, 0, 5, 0, 0, 0, 1, 0
12, 0, 0, 5, 0, 0, 0, 1, 0
14, 1, 0, 7, 0, 0, 0, 1, 0
16, 1, 0, 7, 0, 0, 0, 1, 0
60, 1, 0, 13, 0, 6, 0, 1, 0
4, 0, 0, 1, 0, 1, 0, 0, 0
8, 0, 0, 4, 0, 0, 0, 1, 0
48, 4, 0, 20, 0, 0, 0, 3, 0
2, 1, 0, 1, 0, 1, 0, 0, 0
2114, 29, 0, 398, 138, 815, 0, 10, 0
13352, 204, 0, 2598, 829, 4919, 0, 89, 0
2, 0, 0, 1, 0, 1, 0, 0, 0
2, 0, 0, 1, 0, 1, 0, 0, 0
0, 0, 0, 0, 0, 0, 0, 0, 0
2, 0, 0, 0, 0, 0, 0, 0, 0
8, 0, 0, 4, 0, 0, 0, 1, 0
10, 0, 0, 4, 0, 3, 0, 2, 0
0, 0, 0, 0, 1, 0, 0, 0, 0
86, 0, 0, 25, 2, 18, 0, 9, 0
88, 0, 0, 25, 2, 23, 0, 9, 0
0, 0, 0, 0, 0, 0, 0, 0, 0
4, 0, 0, 0, 2, 2, 0, 1, 0
0, 0, 0, 0, 0, 0, 0, 0, 0
20, 0, 0, 2, 4, 10, 0, 2, 0
172, 2, 0, 39, 6, 49, 0, 19, 0
184, 3, 0, 41, 6, 56, 0, 19, 0
0, 0, 0, 0, 0, 5, 0, 0, 0
4, 0, 0, 0, 2, 10, 0, 0, 0
29160, 472, 0, 5624, 1748, 10419, 0, 240, 0
29162, 472, 0, 5624, 1748, 10420, 0, 240, 0
32, 0, 0, 8, 0, 1, 0, 3, 0
14, 0, 0, 6, 0, 10, 0, 0, 0
0, 0, 0, 0, 0, 0, 0, 0, 0
0, 1, 0, 0, 0, 4, 0, 0, 0
10, 0, 0, 3, 1, 15, 0, 0, 0
0, 0, 0, 0, 0, 1, 0, 3, 0
101914, 1644, 0, 19647, 6116, 36463, 0, 830, 0
20, 0, 0, 6, 0, 13, 0, 3, 0
115, 0, 0, 11, 38, 87, 0, 6, 0
20, 0, 0, 7, 0, 12, 0, 0, 0
0, 0, 0, 0, 0, 0, 0, 0, 0
2, 0, 0, 0, 0, 1, 0, 0, 0
0, 0, 0, 0, 0, 5, 0, 0, 0
0, 0, 0, 0, 0, 1, 0, 0, 0
10, 0, 0, 0, 0, 8, 0, 3, 0
10, 0, 0, 0, 0, 3, 0, 3, 0
0, 0, 0, 0, 0, 0, 0, 1, 0
0, 0, 0, 0, 0, 0, 0, 0, 0
14, 0, 0, 1, 0, 2, 0, 1, 0
2, 0, 0, 0, 0, 0, 0, 1, 0
12, 0, 0, 0, 0, 3, 0, 4, 0
4, 0, 0, 2, 0, 0, 0, 0, 0
12, 0, 0, 5, 2, 4, 0, 0, 0
14, 0, 0, 5, 2, 4, 0, 0, 0
0, 0, 0, 0, 1, 0, 0, 0, 0
166, 0, 0, 22, 9, 43, 0, 19, 0
0, 0, 0, 0, 0, 0, 0, 0, 0
4, 0, 0, 0, 0, 2, 0, 0, 0
34, 0, 0, 2, 0, 8, 0, 4, 0
42, 0, 0, 4, 0, 8, 0, 4, 0
100, 1, 0, 8, 0, 19, 0, 11, 0
306, 3, 0, 24, 0, 57, 0, 35, 0
0, 0, 0, 0, 0, 0, 0, 0, 0
0, 0, 0, 0, 0, 0, 0, 0, 0
0, 0, 0, 0, 0, 0, 0, 0, 0
0, 0, 0, 0, 0, 0, 0, 0, 0
0, 0, 0, 0, 0, 1, 0, 0, 0
0, 0, 0, 0, 0, 1, 0, 0, 0
0, 0, 0, 0, 0, 1, 0, 0, 0
0, 0, 0, 0, 0, 0, 0, 0, 0
0, 0, 0, 0, 0, 0, 0, 0, 0
0, 0, 0, 0, 0, 1, 0, 0, 0
0, 0, 0, 0, 0, 1, 0, 0, 0
0, 0, 0, 0, 0, 1, 0, 0, 0
0, 0, 0, 0, 0, 1, 0, 0, 0
0, 0, 0, 0, 0, 1, 0, 0, 0
0, 0, 0, 0, 0, 1, 0, 0, 0
0, 0, 0, 0, 0, 0, 0, 0, 0
0, 0, 0, 0, 0, 0, 0, 0, 0
0, 0, 0, 0, 0, 1, 0, 0, 0
0, 0, 0, 0, 1, 7, 0, 0, 0
0, 0, 0, 0, 0, 1, 0, 0, 0
0, 0, 0, 0, 0, 1, 0, 0, 0
0, 0, 0, 0, 0, 1, 0, 0, 0
0, 0, 0, 0, 0, 0, 0, 0, 0
0, 0, 0, 0, 0, 0, 0, 0, 0
0, 0, 0, 0, 0, 0, 0, 0, 0
0, 0, 0, 0, 0, 0, 0, 0, 0
0, 0, 0, 0, 0, 0, 0, 0, 0
0, 0, 0, 0, 0, 0, 0, 0, 0
0, 0, 0, 0, 0, 0, 0, 0, 0
70, 4, 0, 16, 0, 7, 0, 1, 0
328, 8, 0, 61, 6, 46, 0, 2, 0
0, 0, 0, 0, 0, 6, 0, 0, 0
110, 1, 0, 21, 0, 21, 0, 1, 0
622, 12, 0, 115, 6, 100, 0, 4, 0
4, 0, 0, 1, 0, 1, 0, 1, 0
6, 0, 0, 2, 0, 2, 0, 0, 0
0, 0, 0, 0, 0, 0, 0, 0, 0
0, 0, 0, 0, 0, 0, 0, 0, 0
0, 0, 0, 0, 0, 0, 0, 0, 0
0, 0, 0, 0, 0, 0, 0, 0, 0
64, 1, 0, 15, 0, 6, 0, 1, 0
4, 0, 0, 0, 0, 0, 0, 0, 0
14, 0, 0, 3, 0, 5, 0, 0, 0
24, 0, 0, 7, 0, 6, 0, 0, 0
0, 0, 0, 0, 0, 0, 0, 0, 0
120, 2, 0, 19, 6, 26, 0, 0, 0
0, 0, 0, 0, 0, 0, 0, 0, 0
2, 0, 0, 1, 0, 0, 0, 0, 0
18, 0, 0, 4, 0, 1, 0, 0, 0
0, 0, 0, 0, 0, 0, 0, 0, 0
0, 0, 0, 0, 0, 0, 0, 0, 0
0, 0, 0, 0, 0, 0, 0, 0, 0
0, 0, 0, 0, 0, 0, 0, 0, 0
0, 0, 0, 0, 0, 0, 0, 0, 0
0, 0, 0, 0, 0, 0, 0, 0, 0
0, 0, 0, 0, 0, 0, 0, 0, 0
0, 0, 0, 0, 0, 0, 0, 0, 0
0, 0, 0, 0, 0, 0, 0, 0, 0
0, 0, 0, 0, 0, 0, 0, 0, 0
0, 0, 0, 0, 0, 0, 0, 0, 0
0, 0, 0, 0, 0, 0, 0, 0, 0
0, 0, 0, 0, 0, 0, 0, 0, 0
0, 0, 0, 0, 0, 0, 0, 0, 0
0, 0, 0, 0, 0, 0, 0, 0, 0
0, 0, 0, 0, 0, 0, 0, 0, 0
0, 0, 0, 0, 0, 0, 0, 0, 0
0, 0, 0, 0, 0, 0, 0, 0, 0
0, 0, 0, 0, 0, 0, 0, 0, 0
0, 0, 0, 0, 0, 0, 0, 0, 0
0, 0, 0, 0, 0, 0, 0, 0, 0
0, 0, 0, 0, 0, 0, 0, 0, 0
0, 0, 0, 0, 0, 0, 0, 0, 0
0, 0, 0, 0, 0, 0, 0, 0, 0
0, 0, 0, 0, 0, 0, 0, 0, 0
0, 0, 0, 0, 0, 0, 0, 0, 0
0, 0, 0, 0, 0, 0, 0, 0, 0
0, 0, 0, 0, 0, 0, 0, 0, 0
0, 0, 0, 0, 0, 0, 0, 0, 0
0, 0, 0, 0, 0, 0, 0, 0, 0
0, 0, 0, 0, 0, 0, 0, 0, 0
0, 0, 0, 0, 0, 0, 0, 0, 0
0, 0, 0, 0, 0, 0, 0, 0, 0
0, 0, 0, 0, 0, 0, 0, 0, 0
0, 0, 0, 0, 0, 0, 0, 0, 0
0, 0, 0, 0, 0, 0, 0, 0, 0
0, 0, 0, 0, 0, 0, 0, 0, 0
0, 0, 0, 0, 0, 0, 0, 0, 0
0, 0, 0, 0, 0, 0, 0, 0, 0
0, 0, 0, 0, 0, 0, 0, 0, 0
0, 0, 0, 0, 0, 0, 0, 0, 0
0, 0, 0, 0, 0, 0, 0, 0, 0
0, 0, 0, 0, 0, 0, 0, 0, 0
0, 0, 0, 0, 0, 0, 0, 0, 0
0, 0, 0, 0, 0, 0, 0, 0, 0
0, 0, 0, 0, 0, 0, 0, 0, 0
0, 0, 0, 0, 0, 0, 0, 0, 0
0, 0, 0, 0, 0, 0, 0, 0, 0
0, 0, 0, 0, 0, 0, 0, 0, 0
0, 0, 0, 0, 0, 0, 0, 0, 0
0, 0, 0, 0, 0, 0, 0, 0, 0
0, 0, 0, 0, 0, 0, 0, 0, 0
0, 0, 0, 0, 0, 0, 0, 0, 0
0, 0, 0, 0, 0, 0, 0, 0, 0
0, 0, 0, 0, 0, 0, 0, 0, 0
0, 0, 0, 0, 0, 0, 0, 0, 0
0, 0, 0, 0, 0, 0, 0, 0, 0
0, 0, 0, 0, 0, 0, 0, 0, 0
0, 0, 0, 0, 0, 0, 0, 0, 0
0, 0, 0, 0, 0, 0, 0, 0, 0
0, 0, 0, 0, 0, 0, 0, 0, 0
0, 0, 0, 0, 0, 0, 0, 0, 0
0, 0, 0, 0, 0, 0, 0, 0, 0
0, 0, 0, 0, 0, 0, 0, 0, 0
0, 0, 0, 0, 0, 0, 0, 0, 0
0, 0, 0, 0, 0, 0, 0, 0, 0
0, 0, 0, 0, 0, 3, 0, 0, 0
28, 1, 0, 10, 0, 11, 0, 0, 0
2, 0, 0, 0, 0, 1, 0, 1, 0
2, 0, 0, 1, 0, 2, 0, 0, 0
10, 0, 0, 1, 0, 4, 0, 1, 0
2, 0, 0, 1, 0, 0, 0, 0, 0
16, 0, 0, 0, 0, 7, 0, 4, 0
16, 0, 0, 0, 0, 7, 0, 4, 0
2, 0, 0, 1, 0, 1, 0, 0, 0
50, 0, 0, 2, 0, 18, 0, 9, 0
10, 0, 0, 5, 0, 3, 0, 1, 0
30, 0, 0, 6, 0, 7, 0, 1, 0
2, 0, 0, 1, 0, 0, 0, 0, 0
2, 0, 0, 1, 0, 2, 0, 0, 0
90, 0, 0, 17, 0, 15, 0, 2, 0
0, 0, 0, 0, 0, 0, 0, 0, 0
2, 0, 0, 0, 0, 0, 0, 0, 0
6, 1, 0, 1, 0, 0, 0, 0, 0
14, 1, 0, 4, 0, 0, 0, 1, 0
2, 0, 0, 1, 0, 1, 0, 0, 0
6, 0, 0, 3, 0, 0, 0, 0, 0
40, 1, 0, 12, 0, 1, 0, 4, 0
2, 0, 0, 1, 0, 1, 0, 4, 0
10, 1, 0, 3, 0, 5, 0, 8, 0
12, 1, 0, 3, 0, 5, 0, 8, 0
374, 3, 0, 61, 0, 97, 0, 44, 0
6, 0, 0, 3, 0, 2, 0, 0, 0
36, 0, 0, 7, 0, 9, 0, 1, 0
44, 0, 0, 5, 0, 15, 0, 5, 0
2, 0, 0, 1, 0, 1, 0, 0, 0
0, 0, 0, 0, 0, 0, 0, 0, 0
174, 0, 0, 26, 0, 50, 0, 12, 0
0, 0, 0, 0, 0, 0, 0, 0, 0
0, 0, 0, 0, 0, 0, 0, 0, 0
0, 0, 0, 0, 0, 0, 0, 0, 0
0, 0, 0, 0, 0, 0, 0, 0, 0
0, 0, 0, 0, 0, 0, 0, 0, 0
0, 0, 0, 0, 0, 0, 0, 0, 0
0, 0, 0, 0, 0, 0, 0, 0, 0
0, 0, 0, 0, 0, 0, 0, 0, 0
0, 0, 0, 0, 0, 0, 0, 0, 0
0, 0, 0, 0, 0, 0, 0, 0, 0
0, 0, 0, 0, 0, 0, 0, 0, 0
0, 0, 0, 0, 0, 0, 0, 0, 0
0, 0, 0, 0, 0, 0, 0, 0, 0
0, 0, 0, 0, 0, 0, 0, 0, 0
0, 0, 0, 0, 0, 0, 0, 0, 0
0, 0, 0, 0, 0, 0, 0, 0, 0
0, 0, 0, 0, 0, 0, 0, 0, 0
0, 0, 0, 0, 0, 0, 0, 0, 0
0, 0, 0, 0, 0, 0, 0, 0, 0
0, 0, 0, 0, 0, 0, 0, 0, 0
0, 0, 0, 0, 0, 0, 0, 0, 0
0, 0, 0, 0, 0, 0, 0, 0, 0
8, 0, 0, 3, 0, 2, 0, 0, 0
4, 0, 0, 2, 0, 2, 0, 0, 0
0, 0, 0, 0, 0, 4, 0, 0, 0
4, 0, 0, 2, 0, 2, 0, 0, 0
0, 0, 0, 0, 0, 0, 0, 0, 0
28, 0, 0, 10, 0, 6, 0, 0, 0
0, 0, 0, 0, 0, 2, 0, 0, 0
0, 0, 0, 0, 0, 0, 0, 0, 0
6, 0, 0, 0, 0, 2, 0, 0, 0
0, 0, 0, 0, 0, 0, 0, 0, 0
6, 0, 0, 2, 0, 0, 0, 0, 0
188, 0, 0, 41, 0, 16, 0, 7, 0
0, 0, 0, 0, 0, 0, 0, 0, 0
202, 0, 0, 42, 0, 23, 0, 9, 0
6, 0, 0, 0, 0, 2, 0, 2, 0
6, 0, 0, 0, 0, 2, 0, 0, 0
22, 0, 0, 3, 1, 9, 0, 0, 0
2, 0, 0, 0, 0, 1, 0, 0, 0
4, 0, 0, 1, 0, 2, 0, 1, 0
4, 0, 0, 0, 0, 0, 0, 0, 0
12, 0, 0, 1, 0, 2, 0, 2, 0
28, 0, 0, 4, 0, 9, 0, 2, 0
8, 0, 0, 1, 0, 4, 0, 0, 0
14, 0, 0, 6, 0, 6, 0, 0, 0
28, 1, 0, 10, 0, 9, 0, 1, 0
0, 0, 0, 0, 0, 0, 0, 0, 0
6, 0, 0, 2, 0, 3, 0, 0, 0
18, 0, 0, 6, 0, 6, 0, 0, 0
34, 1, 0, 10, 0, 9, 0, 1, 0
26, 0, 0, 7, 0, 8, 0, 0, 0
408, 3, 0, 87, 1, 79, 0, 18, 0
0, 0, 0, 0, 0, 0, 0, 0, 0
0, 0, 0, 0, 0, 1, 0, 0, 0
0, 0, 0, 0, 0, 0, 0, 0, 0
0, 0, 0, 0, 0, 0, 0, 0, 0
0, 0, 0, 0, 0, 1, 0, 0, 0
0, 0, 0, 0, 0, 0, 0, 0, 0
12, 0, 0, 1, 1, 4, 0, 0, 0
0, 0, 0, 0, 0, 0, 0, 0, 0
0, 0, 0, 0, 0, 1, 0, 0, 0
0, 0, 0, 0, 0, 0, 0, 0, 0
0, 0, 0, 0, 0, 0, 0, 0, 0
0, 0, 0, 0, 0, 0, 0, 0, 0
8, 0, 0, 2, 1, 14, 0, 0, 0
0, 0, 0, 0, 0, 0, 0, 0, 0
12, 0, 0, 1, 0, 4, 0, 0, 0
286, 7, 0, 46, 18, 111, 0, 14, 0
44, 0, 0, 3, 2, 13, 0, 0, 0
112, 0, 0, 9, 4, 31, 0, 3, 0
2, 1, 0, 0, 0, 2, 0, 1, 0
0, 0, 0, 0, 0, 0, 0, 0, 0
8, 1, 0, 1, 0, 2, 0, 3, 0
2, 0, 0, 0, 0, 1, 0, 0, 0
6, 1, 0, 0, 0, 3, 0, 2, 0
0, 0, 0, 0, 0, 1, 0, 0, 0
0, 0, 0, 0, 0, 0, 0, 0, 0
2, 0, 0, 0, 0, 1, 0, 0, 0
4, 0, 0, 0, 0, 1, 0, 0, 0
2, 0, 0, 1, 0, 0, 0, 0, 0
0, 0, 0, 0, 0, 0, 0, 0, 0
126, 1, 0, 14, 10, 56, 0, 7, 0
0, 0, 0, 0, 0, 1, 0, 0, 0
0, 0, 0, 0, 0, 1, 0, 0, 0
0, 0, 0, 0, 0, 1, 0, 0, 0
0, 0, 0, 0, 0, 0, 0, 0, 0
0, 0, 0, 0, 0, 0, 0, 0, 0
0, 0, 0, 0, 0, 0, 0, 0, 0
0, 0, 0, 0, 0, 0, 0, 0, 0
2, 0, 0, 1, 0, 4, 0, 0, 0
0, 0, 0, 0, 0, 0, 0, 0, 0
0, 0, 0, 0, 0, 0, 0, 0, 0
0, 0, 0, 0, 0, 1, 0, 0, 0
6, 0, 0, 2, 0, 6, 0, 0, 0
0, 0, 0, 0, 0, 0, 0, 0, 0
8, 0, 0, 2, 1, 14, 0, 0, 0
26, 0, 0, 7, 2, 29, 0, 0, 0
0, 0, 0, 0, 0, 0, 0, 0, 0
0, 0, 0, 0, 0, 0, 0, 0, 0
0, 0, 0, 0, 0, 0, 0, 0, 0
2, 0, 0, 1, 0, 2, 0, 0, 0
0, 0, 0, 0, 0, 0, 0, 0, 0
2, 0, 0, 1, 0, 2, 0, 0, 0
0, 0, 0, 0, 0, 0, 0, 0, 0
2, 0, 0, 1, 0, 2, 0, 0, 0
0, 0, 0, 0, 0, 0, 0, 0, 0
0, 0, 0, 0, 0, 0, 0, 0, 0
0, 0, 0, 0, 0, 0, 0, 0, 0
0, 0, 0, 0, 0, 0, 0, 0, 0
0, 0, 0, 0, 0, 0, 0, 0, 0
0, 0, 0, 0, 0, 0, 0, 0, 0
0, 0, 0, 0, 0, 0, 0, 0, 0
0, 0, 0, 0, 0, 0, 0, 0, 0
0, 0, 0, 0, 0, 0, 0, 0, 0
0, 0, 0, 0, 0, 0, 0, 0, 0
0, 0, 0, 0, 0, 0, 0, 0, 0
0, 0, 0, 0, 0, 0, 0, 0, 0
0, 0, 0, 0, 0, 0, 0, 0, 0
0, 0, 0, 0, 0, 0, 0, 0, 0
0, 0, 0, 0, 0, 0, 0, 0, 0
0, 0, 0, 0, 0, 0, 0, 0, 0
0, 0, 0, 0, 0, 0, 0, 0, 0
0, 0, 0, 0, 0, 0, 0, 0, 0
0, 0, 0, 0, 0, 0, 0, 0, 0
0, 0, 0, 0, 0, 0, 0, 0, 0
0, 0, 0, 0, 0, 0, 0, 0, 0
0, 0, 0, 0, 0, 0, 0, 0, 0
0, 0, 0, 0, 0, 0, 0, 0, 0
0, 0, 0, 0, 0, 0, 0, 0, 0
0, 0, 0, 0, 0, 0, 0, 0, 0
0, 0, 0, 0, 0, 0, 0, 0, 0
0, 0, 0, 0, 0, 0, 0, 0, 0
0, 0, 0, 0, 0, 0, 0, 0, 0
0, 0, 0, 0, 0, 0, 0, 0, 0
0, 0, 0, 0, 0, 0, 0, 0, 0
0, 0, 0, 0, 0, 0, 0, 0, 0
0, 0, 0, 0, 0, 0, 0, 0, 0
0, 0, 0, 0, 0, 0, 0, 0, 0
0, 0, 0, 0, 0, 0, 0, 0, 0
0, 0, 0, 0, 0, 0, 0, 0, 0
0, 0, 0, 0, 0, 0, 0, 0, 0
0, 0, 0, 0, 0, 0, 0, 0, 0
0, 0, 0, 0, 0, 0, 0, 0, 0
0, 0, 0, 0, 0, 0, 0, 0, 0
0, 0, 0, 0, 0, 0, 0, 0, 0
0, 0, 0, 0, 0, 0, 0, 0, 0
0, 0, 0, 0, 0, 0, 0, 0, 0
0, 0, 0, 0, 0, 0, 0, 0, 0
2, 0, 0, 0, 0, 1, 0, 0, 0
0, 0, 0, 0, 0, 0, 0, 0, 0
2, 0, 0, 0, 0, 1, 0, 0, 0
14, 0, 0, 2, 2, 11, 0, 1, 0
306, 10, 0, 58, 11, 100, 4, 19, 0
0, 0, 0, 0, 0, 3, 0, 0, 0
2, 0, 0, 0, 0, 4, 0, 0, 0
0, 0, 0, 0, 0, 2, 0, 0, 0
12, 1, 0, 0, 0, 9, 0, 0, 0
12, 0, 0, 6, 0, 2, 0, 0, 0
8, 0, 0, 4, 0, 6, 0, 0, 0
28, 0, 0, 12, 0, 13, 0, 0, 0
2, 0, 0, 1, 0, 2, 0, 0, 0
0, 0, 0, 0, 0, 2, 0, 0, 0
0, 0, 0, 0, 0, 0, 0, 0, 0
0, 0, 0, 0, 0, 0, 0, 0, 0
0, 0, 0, 0, 0, 1, 0, 0, 0
0, 0, 0, 0, 0, 1, 0, 0, 0
0, 0, 0, 0, 0, 1, 0, 0, 0
0, 0, 0, 0, 0, 0, 0, 0, 0
0, 0, 0, 0, 0, 0, 0, 0, 0
0, 0, 0, 0, 0, 0, 0, 0, 0
0, 0, 0, 0, 0, 0, 0, 0, 0
0, 0, 0, 0, 0, 0, 0, 0, 0
14, 0, 0, 7, 0, 0, 0, 0, 0
8, 0, 0, 2, 0, 10, 0, 0, 0
4, 0, 0, 1, 0, 0, 0, 0, 0
28, 0, 0, 2, 20, 32, 0, 0, 0
82, 0, 0, 18, 20, 42, 0, 0, 0
0, 0, 0, 0, 0, 0, 0, 0, 0
0, 0, 0, 0, 0, 0, 0, 0, 0
0, 0, 0, 0, 0, 0, 0, 0, 0
2, 0, 0, 0, 0, 1, 0, 0, 0
0, 0, 0, 0, 0, 0, 0, 0, 0
0, 0, 0, 0, 0, 1, 0, 0, 0
0, 0, 0, 0, 0, 0, 0, 0, 0
4, 0, 0, 0, 0, 0, 0, 0, 0
4, 0, 0, 0, 0, 0, 0, 1, 0
0, 0, 0, 0, 0, 0, 0, 1, 0
0, 0, 0, 0, 0, 0, 0, 0, 0
54, 1, 0, 16, 1, 11, 0, 7, 0
174, 3, 0, 51, 3, 33, 0, 24, 0
250, 4, 0, 75, 4, 44, 0, 35, 0
38, 0, 0, 11, 1, 25, 0, 2, 0
0, 0, 0, 0, 0, 0, 0, 0, 0
144, 0, 0, 34, 3, 81, 0, 13, 0
146, 0, 0, 34, 3, 81, 0, 13, 0
580, 8, 0, 162, 10, 158, 0, 72, 0
146, 3, 0, 37, 0, 33, 6, 10, 0
196, 4, 0, 50, 0, 44, 8, 12, 0
0, 0, 0, 0, 0, 0, 0, 0, 0
2, 0, 0, 0, 0, 0, 0, 0, 0
352, 7, 0, 88, 0, 77, 14, 23, 0
58, 1, 0, 18, 1, 12, 0, 7, 0
143, 2, 0, 44, 2, 28, 0, 18, 0
12, 0, 0, 0, 0, 4, 0, 0, 0
16, 0, 0, 1, 0, 4, 0, 0, 0
2, 0, 0, 1, 0, 0, 0, 0, 0
48, 1, 0, 13, 0, 12, 2, 3, 0
99, 1, 0, 31, 0, 14, 2, 6, 0
24, 0, 0, 0, 0, 2, 0, 3, 0
28, 0, 0, 1, 0, 2, 0, 4, 0
4, 0, 0, 1, 0, 0, 0, 0, 0
0, 0, 0, 0, 0, 0, 0, 0, 0
2, 0, 0, 1, 0, 0, 0, 1, 0
2, 0, 0, 0, 0, 0, 0, 0, 0
8, 0, 0, 2, 0, 10, 0, 0, 0
4, 0, 0, 0, 0, 2, 0, 0, 0
20, 0, 0, 5, 0, 9, 0, 0, 0
0, 0, 0, 0, 0, 0, 0, 0, 0
0, 0, 0, 0, 0, 0, 0, 0, 0
0, 0, 0, 0, 0, 0, 0, 0, 0
0, 0, 0, 0, 0, 0, 0, 0, 0
0, 0, 0, 0, 0, 0, 0, 0, 0
0, 0, 0, 0, 0, 0, 0, 0, 0
0, 0, 0, 0, 0, 0, 0, 0, 0
6, 0, 0, 1, 0, 4, 0, 0, 0
0, 0, 0, 0, 0, 0, 0, 0, 0
80, 2, 0, 24, 1, 13, 0, 11, 0
2, 0, 0, 1, 0, 0, 0, 0, 0
80, 2, 0, 24, 0, 18, 2, 6, 0
62, 1, 0, 19, 1, 13, 0, 7, 0
208, 1, 0, 53, 4, 94, 0, 20, 0
148, 0, 0, 35, 3, 81, 0, 13, 0
2, 0, 0, 1, 0, 0, 0, 0, 0
0, 0, 0, 0, 0, 0, 0, 0, 0
4, 0, 0, 1, 0, 0, 0, 0, 0
6, 0, 0, 1, 0, 0, 0, 2, 0
64, 1, 0, 20, 1, 13, 0, 9, 0
2, 0, 0, 1, 0, 0, 0, 0, 0
62, 1, 0, 19, 1, 13, 0, 7, 0
66, 1, 0, 20, 1, 13, 0, 7, 0
66, 1, 0, 20, 1, 13, 0, 7, 0
66, 1, 0, 20, 1, 13, 0, 7, 0
68, 1, 0, 21, 1, 13, 0, 7, 0
70, 1, 0, 22, 1, 13, 0, 7, 0
66, 1, 0, 20, 1, 13, 0, 7, 0
66, 1, 0, 21, 1, 13, 0, 7, 0
1004, 11, 0, 279, 16, 292, 0, 108, 0
10, 1, 0, 4, 0, 0, 0, 23, 0
52, 1, 0, 14, 0, 13, 2, 4, 0
4, 0, 0, 1, 0, 0, 0, 0, 0
58, 1, 0, 15, 0, 13, 2, 4, 0
8, 0, 0, 2, 0, 0, 0, 2, 0
2, 0, 0, 1, 0, 0, 0, 1, 0
0, 0, 0, 0, 0, 0, 0, 0, 0
4, 0, 0, 1, 0, 0, 0, 1, 0
706, 7, 0, 144, 51, 333, 0, 7, 0
54, 1, 0, 15, 0, 13, 2, 7, 0
2, 0, 0, 1, 0, 0, 0, 1, 0
54, 1, 0, 15, 0, 13, 2, 6, 0
54, 1, 0, 15, 0, 13, 2, 6, 0
54, 1, 0, 15, 0, 13, 2, 6, 0
56, 1, 0, 16, 0, 13, 2, 6, 0
58, 1, 0, 17, 0, 13, 2, 6, 0
54, 1, 0, 15, 0, 13, 2, 6, 0
56, 1, 0, 15, 0, 13, 2, 4, 0
1304, 18, 0, 302, 51, 463, 20, 90, 0
8, 1, 0, 4, 0, 0, 0, 1, 0
8, 1, 0, 4, 0, 0, 0, 10, 0
14, 1, 0, 6, 0, 1, 0, 7, 0
12, 1, 0, 5, 0, 0, 0, 4, 0
18, 1, 0, 8, 0, 0, 0, 6, 0
0, 0, 0, 0, 0, 0, 0, 0, 0
0, 0, 0, 0, 0, 0, 0, 0, 0
2, 0, 0, 0, 0, 0, 0, 0, 0
6, 0, 0, 3, 0, 6, 0, 0, 0
10, 0, 0, 4, 0, 9, 0, 0, 0
2, 0, 0, 1, 0, 0, 0, 0, 0
6, 0, 0, 3, 0, 3, 0, 1, 0
4, 0, 0, 2, 0, 3, 0, 1, 0
0, 0, 0, 0, 3, 6, 0, 0, 0
4, 0, 0, 1, 4, 12, 0, 0, 0
0, 0, 0, 0, 0, 0, 0, 0, 0
0, 0, 0, 0, 0, 0, 0, 0, 0
2, 0, 0, 0, 0, 0, 0, 0, 0
4, 0, 0, 2, 0, 4, 0, 0, 0
2, 0, 0, 1, 0, 0, 0, 0, 0
8, 0, 0, 4, 0, 4, 0, 0, 0
4, 0, 0, 2, 0, 4, 0, 0, 0
0, 0, 0, 0, 2, 4, 0, 0, 0
0, 0, 0, 0, 0, 0, 0, 0, 0
0, 0, 0, 0, 0, 0, 0, 0, 0
2, 0, 0, 0, 0, 0, 0, 0, 0
2, 0, 0, 1, 0, 2, 0, 0, 0
2, 0, 0, 1, 0, 0, 0, 0, 0
4, 0, 0, 2, 0, 2, 0, 0, 0
2, 0, 0, 1, 0, 2, 0, 0, 0
0, 0, 0, 0, 1, 2, 0, 0, 0
0, 0, 0, 0, 0, 0, 0, 0, 0
0, 0, 0, 0, 0, 0, 0, 0, 0
2, 0, 0, 0, 0, 0, 0, 0, 0
8, 0, 0, 4, 0, 8, 0, 0, 0
2, 0, 0, 1, 0, 0, 0, 0, 0
16, 0, 0, 8, 0, 8, 0, 0, 0
8, 0, 0, 4, 0, 8, 0, 0, 0
0, 0, 0, 0, 4, 8, 0, 0, 0
0, 0, 0, 0, 0, 0, 0, 0, 0
0, 0, 0, 0, 0, 0, 0, 0, 0
2, 0, 0, 0, 0, 0, 0, 0, 0
2, 0, 0, 1, 0, 0, 0, 0, 0
12, 0, 0, 6, 0, 6, 0, 0, 0
6, 0, 0, 3, 0, 6, 0, 0, 0
0, 0, 0, 0, 0, 0, 0, 0, 0
0, 0, 0, 0, 0, 0, 0, 0, 0
2, 0, 0, 0, 0, 0, 0, 0, 0
8, 0, 0, 3, 0, 8, 0, 0, 0
2, 0, 0, 1, 0, 0, 0, 0, 0
4, 0, 0, 2, 0, 2, 0, 0, 0
2, 0, 0, 1, 0, 2, 0, 0, 0
2, 0, 0, 0, 4, 10, 0, 0, 0
0, 0, 0, 0, 0, 0, 0, 0, 0
0, 0, 0, 0, 0, 0, 0, 0, 0
2, 0, 0, 0, 0, 0, 0, 0, 0
10, 0, 0, 4, 0, 10, 0, 0, 0
2, 0, 0, 1, 0, 0, 0, 0, 0
8, 0, 0, 4, 0, 4, 0, 0, 0
4, 0, 0, 2, 0, 4, 0, 0, 0
2, 0, 0, 0, 5, 12, 0, 0, 0
0, 0, 0, 0, 0, 0, 0, 0, 0
0, 0, 0, 0, 0, 0, 0, 0, 0
2, 0, 0, 0, 0, 0, 0, 0, 0
2, 0, 0, 1, 0, 2, 0, 0, 0
2, 0, 0, 1, 0, 0, 0, 0, 0
4, 0, 0, 2, 0, 2, 0, 0, 0
2, 0, 0, 1, 0, 2, 0, 0, 0
0, 0, 0, 0, 1, 2, 0, 0, 0
0, 0, 0, 0, 0, 0, 0, 0, 0
0, 0, 0, 0, 0, 0, 0, 0, 0
2, 0, 0, 0, 0, 0, 0, 0, 0
12, 0, 0, 5, 0, 11, 0, 0, 0
2, 0, 0, 1, 0, 0, 0, 0, 0
22, 0, 0, 11, 0, 11, 0, 1, 0
12, 0, 0, 6, 0, 11, 0, 1, 0
4, 0, 0, 1, 5, 14, 0, 0, 0
0, 0, 0, 0, 0, 0, 0, 0, 0
0, 0, 0, 0, 0, 0, 0, 0, 0
0, 0, 0, 0, 0, 0, 0, 0, 0
0, 0, 0, 0, 0, 0, 0, 0, 0
0, 0, 0, 0, 0, 0, 0, 0, 0
0, 0, 0, 0, 0, 0, 0, 0, 0
0, 0, 0, 0, 0, 0, 0, 0, 0
0, 0, 0, 0, 0, 0, 0, 0, 0
0, 0, 0, 0, 0, 0, 0, 0, 0
0, 0, 0, 0, 0, 0, 0, 1, 0
0, 0, 0, 0, 0, 0, 0, 1, 0
0, 0, 0, 0, 0, 0, 0, 1, 0
0, 0, 0, 0, 0, 0, 0, 1, 0
0, 0, 0, 0, 0, 1, 0, 0, 0
0, 0, 0, 0, 1, 0, 0, 0, 0
0, 0, 0, 0, 0, 1, 0, 0, 0
0, 0, 0, 0, 0, 0, 0, 1, 0
0, 0, 0, 0, 0, 0, 0, 1, 0
0, 0, 0, 0, 0, 0, 0, 1, 0
0, 0, 0, 0, 0, 1, 0, 0, 0
0, 0, 0, 0, 1, 0, 0, 0, 0
0, 0, 0, 0, 0, 1, 0, 0, 0
2, 0, 0, 1, 1, 0, 0, 0, 0
0, 0, 0, 0, 0, 0, 0, 1, 0
0, 0, 0, 0, 0, 0, 0, 1, 0
0, 0, 0, 0, 0, 0, 0, 1, 0
0, 0, 0, 0, 0, 1, 0, 0, 0
2, 0, 0, 1, 1, 0, 0, 0, 0
0, 0, 0, 0, 0, 0, 0, 1, 0
0, 0, 0, 0, 0, 0, 0, 1, 0
0, 0, 0, 0, 0, 0, 0, 1, 0
0, 0, 0, 0, 0, 1, 0, 0, 0
2, 0, 0, 1, 1, 0, 0, 0, 0
0, 0, 0, 0, 0, 1, 0, 0, 0
2, 0, 0, 1, 1, 0, 0, 0, 0
0, 0, 0, 0, 0, 1, 0, 0, 0
0, 0, 0, 0, 1, 0, 0, 0, 0
0, 0, 0, 0, 0, 1, 0, 0, 0
2, 0, 0, 1, 1, 0, 0, 0, 0
0, 0, 0, 0, 0, 0, 0, 1, 0
0, 0, 0, 0, 0, 0, 0, 1, 0
0, 0, 0, 0, 0, 0, 0, 1, 0
0, 0, 0, 0, 0, 1, 0, 0, 0
2, 0, 0, 1, 1, 0, 0, 0, 0
0, 0, 0, 0, 0, 1, 0, 0, 0
0, 0, 0, 0, 1, 0, 0, 0, 0
0, 0, 0, 0, 0, 1, 0, 0, 0
2, 0, 0, 1, 1, 0, 0, 0, 0
0, 0, 0, 0, 0, 0, 0, 1, 0
0, 0, 0, 0, 0, 0, 0, 1, 0
0, 0, 0, 0, 0, 0, 0, 1, 0
0, 0, 0, 0, 0, 1, 0, 0, 0
0, 0, 0, 0, 1, 0, 0, 0, 0
0, 0, 0, 0, 0, 0, 0, 1, 0
0, 0, 0, 0, 0, 0, 0, 1, 0
0, 0, 0, 0, 0, 0, 0, 1, 0
0, 0, 0, 0, 0, 1, 0, 0, 0
0, 0, 0, 0, 1, 0, 0, 0, 0
0, 0, 0, 0, 0, 1, 0, 0, 0
2, 0, 0, 1, 1, 0, 0, 0, 0
0, 0, 0, 0, 0, 0, 0, 1, 0
0, 0, 0, 0, 0, 0, 0, 1, 0
0, 0, 0, 0, 0, 0, 0, 1, 0
0, 0, 0, 0, 0, 1, 0, 0, 0
0, 0, 0, 0, 1, 0, 0, 0, 0
0, 0, 0, 0, 0, 0, 0, 1, 0
0, 0, 0, 0, 0, 0, 0, 1, 0
0, 0, 0, 0, 0, 0, 0, 1, 0
0, 0, 0, 0, 0, 1, 0, 0, 0
2, 0, 0, 1, 1, 0, 0, 0, 0
0, 0, 0, 0, 0, 1, 0, 0, 0
2, 0, 0, 1, 1, 0, 0, 0, 0
0, 0, 0, 0, 0, 1, 0, 0, 0
2, 0, 0, 1, 1, 0, 0, 0, 0
0, 0, 0, 0, 0, 1, 0, 0, 0
2, 0, 0, 1, 1, 0, 0, 0, 0
0, 0, 0, 0, 0, 1, 0, 0, 0
0, 0, 0, 0, 1, 0, 0, 0, 0
0, 0, 0, 0, 0, 1, 0, 0, 0
0, 0, 0, 0, 0, 0, 0, 0, 0
0, 0, 0, 0, 0, 0, 0, 0, 0
2, 0, 0, 0, 0, 0, 0, 0, 0
14, 0, 0, 5, 0, 13, 0, 0, 0
2, 0, 0, 1, 0, 0, 0, 0, 0
4, 0, 0, 2, 0, 2, 0, 0, 0
2, 0, 0, 1, 0, 2, 0, 0, 0
6, 0, 0, 1, 6, 18, 0, 0, 0
0, 0, 0, 0, 0, 0, 0, 0, 0
0, 0, 0, 0, 0, 0, 0, 0, 0
2, 0, 0, 0, 0, 0, 0, 0, 0
14, 0, 0, 5, 0, 13, 0, 0, 0
2, 0, 0, 1, 0, 0, 0, 0, 0
4, 0, 0, 2, 0, 2, 0, 0, 0
2, 0, 0, 1, 0, 2, 0, 0, 0
6, 0, 0, 1, 6, 18, 0, 0, 0
0, 0, 0, 0, 0, 0, 0, 0, 0
0, 0, 0, 0, 0, 0, 0, 0, 0
2, 0, 0, 0, 0, 0, 0, 0, 0
14, 0, 0, 5, 0, 13, 0, 0, 0
2, 0, 0, 1, 0, 0, 0, 0, 0
4, 0, 0, 2, 0, 2, 0, 0, 0
2, 0, 0, 1, 0, 2, 0, 0, 0
6, 0, 0, 1, 6, 18, 0, 0, 0
0, 0, 0, 0, 0, 0, 0, 0, 0
0, 0, 0, 0, 0, 0, 0, 0, 0
2, 0, 0, 0, 0, 0, 0, 0, 0
6, 0, 0, 2, 0, 6, 0, 0, 0
2, 0, 0, 1, 0, 0, 0, 0, 0
8, 0, 0, 4, 0, 4, 0, 0, 0
2, 0, 0, 1, 0, 3, 0, 0, 0
2, 0, 0, 0, 3, 8, 0, 0, 0
0, 0, 0, 0, 0, 0, 0, 0, 0
0, 0, 0, 0, 0, 0, 0, 0, 0
2, 0, 0, 0, 0, 0, 0, 0, 0
8, 0, 0, 2, 0, 8, 0, 0, 0
2, 0, 0, 1, 0, 0, 0, 0, 0
8, 0, 0, 4, 0, 4, 0, 0, 0
4, 0, 0, 2, 0, 4, 0, 0, 0
4, 0, 0, 0, 4, 12, 0, 0, 0
0, 0, 0, 0, 0, 0, 0, 0, 0
0, 0, 0, 0, 0, 0, 0, 0, 0
2, 0, 0, 0, 0, 0, 0, 0, 0
20, 0, 0, 7, 0, 19, 0, 0, 0
2, 0, 0, 1, 0, 0, 0, 0, 0
12, 0, 0, 6, 0, 6, 0, 0, 0
6, 0, 0, 3, 0, 6, 0, 0, 0
8, 0, 0, 1, 9, 26, 0, 0, 0
0, 0, 0, 0, 0, 0, 0, 0, 0
0, 0, 0, 0, 0, 0, 0, 0, 0
2, 0, 0, 0, 0, 0, 0, 0, 0
8, 0, 0, 3, 0, 8, 0, 0, 0
2, 0, 0, 1, 0, 0, 0, 0, 0
12, 0, 0, 6, 0, 6, 0, 0, 0
2, 0, 0, 1, 0, 4, 0, 0, 0
2, 0, 0, 0, 4, 10, 0, 0, 0
0, 0, 0, 0, 0, 0, 0, 0, 0
0, 0, 0, 0, 0, 0, 0, 0, 0
0, 0, 0, 0, 0, 0, 0, 0, 0
0, 0, 0, 0, 0, 0, 0, 0, 0
0, 0, 0, 0, 0, 0, 0, 0, 0
0, 0, 0, 0, 0, 0, 0, 0, 0
0, 0, 0, 0, 0, 0, 0, 0, 0
0, 0, 0, 0, 0, 0, 0, 1, 0
0, 0, 0, 0, 0, 0, 0, 1, 0
0, 0, 0, 0, 0, 0, 0, 1, 0
0, 0, 0, 0, 0, 0, 0, 1, 0
0, 0, 0, 0, 0, 1, 0, 0, 0
0, 0, 0, 0, 1, 0, 0, 0, 0
0, 0, 0, 0, 0, 0, 0, 1, 0
0, 0, 0, 0, 0, 0, 0, 1, 0
0, 0, 0, 0, 0, 0, 0, 1, 0
0, 0, 0, 0, 0, 1, 0, 0, 0
0, 0, 0, 0, 1, 0, 0, 0, 0
0, 0, 0, 0, 0, 0, 0, 1, 0
0, 0, 0, 0, 0, 0, 0, 1, 0
0, 0, 0, 0, 0, 0, 0, 1, 0
0, 0, 0, 0, 0, 1, 0, 0, 0
0, 0, 0, 0, 1, 0, 0, 0, 0
0, 0, 0, 0, 0, 0, 0, 1, 0
0, 0, 0, 0, 0, 0, 0, 1, 0
0, 0, 0, 0, 0, 0, 0, 1, 0
0, 0, 0, 0, 0, 1, 0, 0, 0
0, 0, 0, 0, 1, 0, 0, 0, 0
0, 0, 0, 0, 0, 1, 0, 0, 0
0, 0, 0, 0, 1, 0, 0, 0, 0
0, 0, 0, 0, 0, 0, 0, 1, 0
0, 0, 0, 0, 0, 0, 0, 1, 0
0, 0, 0, 0, 0, 0, 0, 1, 0
0, 0, 0, 0, 0, 1, 0, 0, 0
0, 0, 0, 0, 1, 0, 0, 0, 0
0, 0, 0, 0, 0, 1, 0, 0, 0
0, 0, 0, 0, 1, 0, 0, 0, 0
0, 0, 0, 0, 0, 0, 0, 1, 0
0, 0, 0, 0, 0, 0, 0, 1, 0
0, 0, 0, 0, 0, 0, 0, 1, 0
0, 0, 0, 0, 0, 1, 0, 0, 0
0, 0, 0, 0, 1, 0, 0, 0, 0
0, 0, 0, 0, 0, 1, 0, 0, 0
0, 0, 0, 0, 1, 0, 0, 0, 0
0, 0, 0, 0, 0, 1, 0, 0, 0
0, 0, 0, 0, 1, 0, 0, 0, 0
0, 0, 0, 0, 0, 0, 0, 1, 0
0, 0, 0, 0, 0, 0, 0, 1, 0
0, 0, 0, 0, 0, 0, 0, 1, 0
0, 0, 0, 0, 0, 1, 0, 0, 0
0, 0, 0, 0, 1, 0, 0, 0, 0
0, 0, 0, 0, 0, 1, 0, 0, 0
0, 0, 0, 0, 1, 0, 0, 0, 0
0, 0, 0, 0, 0, 1, 0, 0, 0
0, 0, 0, 0, 1, 0, 0, 0, 0
0, 0, 0, 0, 0, 0, 0, 0, 0
0, 0, 0, 0, 0, 0, 0, 0, 0
2, 0, 0, 0, 0, 0, 0, 0, 0
4, 0, 0, 2, 0, 3, 0, 0, 0
18, 0, 0, 6, 0, 18, 0, 0, 0
26, 0, 0, 8, 0, 25, 0, 0, 0
2, 0, 0, 1, 0, 0, 0, 0, 0
8, 0, 0, 4, 0, 4, 0, 0, 0
4, 0, 0, 2, 0, 4, 0, 0, 0
2, 0, 0, 1, 1, 4, 0, 0, 0
6, 0, 0, 0, 9, 24, 0, 0, 0
12, 0, 0, 1, 12, 36, 0, 0, 0
0, 0, 0, 0, 0, 0, 0, 0, 0
0, 0, 0, 0, 0, 0, 0, 0, 0
2, 0, 0, 0, 0, 0, 0, 0, 0
2, 0, 0, 1, 0, 0, 0, 0, 0
16, 0, 0, 8, 0, 8, 0, 0, 0
6, 0, 0, 3, 0, 7, 0, 0, 0
0, 0, 0, 0, 0, 0, 0, 0, 0
0, 0, 0, 0, 0, 0, 0, 0, 0
2, 0, 0, 0, 0, 0, 0, 0, 0
2, 0, 0, 1, 0, 0, 0, 0, 0
6, 0, 0, 3, 0, 3, 0, 1, 0
2, 0, 0, 1, 0, 2, 0, 1, 0
0, 0, 0, 0, 0, 0, 0, 0, 0
0, 0, 0, 0, 0, 0, 0, 0, 0
2, 0, 0, 0, 0, 0, 0, 0, 0
22, 0, 0, 11, 0, 22, 0, 0, 0
34, 0, 0, 16, 0, 30, 0, 0, 0
66, 0, 0, 29, 0, 62, 0, 0, 0
2, 0, 0, 1, 0, 0, 0, 0, 0
16, 0, 0, 8, 0, 8, 0, 0, 0
8, 0, 0, 4, 0, 8, 0, 0, 0
0, 0, 0, 0, 11, 22, 0, 0, 0
10, 0, 0, 4, 13, 36, 0, 0, 0
16, 0, 0, 4, 29, 74, 0, 0, 0
0, 0, 0, 0, 0, 0, 0, 0, 0
0, 0, 0, 0, 0, 0, 0, 0, 0
2, 0, 0, 0, 0, 0, 0, 0, 0
2, 0, 0, 1, 0, 0, 0, 0, 0
16, 0, 0, 8, 0, 8, 0, 4, 0
12, 0, 0, 6, 0, 8, 0, 4, 0
0, 0, 0, 0, 0, 0, 0, 0, 0
0, 0, 0, 0, 0, 0, 0, 0, 0
2, 0, 0, 0, 0, 0, 0, 0, 0
2, 0, 0, 1, 0, 0, 0, 0, 0
44, 0, 0, 22, 0, 22, 0, 0, 0
22, 0, 0, 11, 0, 22, 0, 0, 0
0, 0, 0, 0, 0, 0, 0, 0, 0
0, 0, 0, 0, 0, 0, 0, 0, 0
2, 0, 0, 0, 0, 0, 0, 0, 0
14, 0, 0, 6, 0, 14, 0, 0, 0
18, 0, 0, 7, 0, 18, 0, 0, 0
22, 0, 0, 8, 0, 22, 0, 0, 0
2, 0, 0, 1, 0, 0, 0, 0, 0
8, 0, 0, 4, 0, 4, 0, 0, 0
4, 0, 0, 2, 0, 4, 0, 0, 0
2, 0, 0, 0, 7, 16, 0, 0, 0
4, 0, 0, 0, 9, 22, 0, 0, 0
6, 0, 0, 0, 11, 28, 0, 0, 0
0, 0, 0, 0, 0, 0, 0, 0, 0
0, 0, 0, 0, 0, 0, 0, 0, 0
2, 0, 0, 0, 0, 0, 0, 0, 0
2, 0, 0, 1, 0, 0, 0, 0, 0
8, 0, 0, 4, 0, 4, 0, 0, 0
4, 0, 0, 2, 0, 4, 0, 0, 0
0, 0, 0, 0, 0, 0, 0, 0, 0
0, 0, 0, 0, 0, 0, 0, 0, 0
2, 0, 0, 0, 0, 0, 0, 0, 0
2, 0, 0, 1, 0, 0, 0, 0, 0
12, 0, 0, 6, 0, 6, 0, 0, 0
4, 0, 0, 2, 0, 5, 0, 0, 0
0, 0, 0, 0, 0, 0, 0, 0, 0
0, 0, 0, 0, 0, 0, 0, 0, 0
2, 0, 0, 0, 0, 0, 0, 0, 0
10, 0, 0, 4, 0, 10, 0, 0, 0
2, 0, 0, 1, 0, 0, 0, 0, 0
4, 0, 0, 2, 0, 2, 0, 0, 0
2, 0, 0, 1, 0, 2, 0, 0, 0
2, 0, 0, 0, 5, 12, 0, 0, 0
0, 0, 0, 0, 0, 0, 0, 0, 0
0, 0, 0, 0, 0, 0, 0, 0, 0
2, 0, 0, 0, 0, 0, 0, 0, 0
14, 0, 0, 7, 0, 14, 0, 0, 0
2, 0, 0, 1, 0, 0, 0, 0, 0
28, 0, 0, 14, 0, 14, 0, 0, 0
8, 0, 0, 4, 0, 11, 0, 0, 0
0, 0, 0, 0, 7, 14, 0, 0, 0
0, 0, 0, 0, 0, 0, 0, 0, 0
0, 0, 0, 0, 0, 0, 0, 0, 0
2, 0, 0, 0, 0, 0, 0, 0, 0
10, 0, 0, 4, 0, 10, 0, 0, 0
2, 0, 0, 1, 0, 0, 0, 0, 0
8, 0, 0, 4, 0, 4, 0, 0, 0
4, 0, 0, 2, 0, 4, 0, 0, 0
2, 0, 0, 0, 5, 12, 0, 0, 0
0, 0, 0, 0, 0, 0, 0, 0, 0
0, 0, 0, 0, 0, 0, 0, 0, 0
2, 0, 0, 0, 0, 0, 0, 0, 0
14, 0, 0, 6, 0, 14, 0, 0, 0
2, 0, 0, 1, 0, 0, 0, 0, 0
16, 0, 0, 8, 0, 8, 0, 0, 0
6, 0, 0, 3, 0, 7, 0, 0, 0
2, 0, 0, 0, 7, 16, 0, 0, 0
0, 0, 0, 0, 0, 0, 0, 0, 0
0, 0, 0, 0, 0, 0, 0, 0, 0
2, 0, 0, 0, 0, 0, 0, 0, 0
18, 0, 0, 7, 0, 18, 0, 0, 0
2, 0, 0, 1, 0, 0, 0, 0, 0
8, 0, 0, 4, 0, 4, 0, 0, 0
4, 0, 0, 2, 0, 4, 0, 0, 0
6, 0, 0, 1, 9, 24, 0, 0, 0
0, 0, 0, 0, 0, 0, 0, 0, 0
0, 0, 0, 0, 0, 0, 0, 0, 0
2, 0, 0, 0, 0, 0, 0, 0, 0
20, 0, 0, 8, 0, 20, 0, 0, 0
2, 0, 0, 1, 0, 0, 0, 0, 0
12, 0, 0, 6, 0, 6, 0, 0, 0
6, 0, 0, 3, 0, 6, 0, 0, 0
8, 0, 0, 2, 10, 28, 0, 0, 0
0, 0, 0, 0, 0, 0, 0, 0, 0
0, 0, 0, 0, 0, 0, 0, 0, 0
2, 0, 0, 0, 0, 0, 0, 0, 0
10, 0, 0, 4, 0, 9, 0, 0, 0
2, 0, 0, 1, 0, 0, 0, 0, 0
6, 0, 0, 3, 0, 3, 0, 1, 0
4, 0, 0, 2, 0, 3, 0, 1, 0
4, 0, 0, 1, 4, 12, 0, 0, 0
0, 0, 0, 0, 0, 0, 0, 0, 0
0, 0, 0, 0, 0, 0, 0, 0, 0
0, 0, 0, 0, 0, 0, 0, 0, 0
0, 0, 0, 0, 0, 0, 0, 0, 0
0, 0, 0, 0, 0, 0, 0, 0, 0
0, 0, 0, 0, 0, 0, 0, 0, 0
0, 0, 0, 0, 0, 0, 0, 0, 0
0, 0, 0, 0, 0, 0, 0, 0, 0
0, 0, 0, 0, 0, 0, 0, 0, 0
0, 0, 0, 0, 0, 0, 0, 0, 0
0, 0, 0, 0, 0, 0, 0, 0, 0
0, 0, 0, 0, 0, 0, 0, 0, 0
0, 0, 0, 0, 0, 0, 0, 0, 0
0, 0, 0, 0, 0, 0, 0, 0, 0
0, 0, 0, 0, 0, 0, 0, 0, 0
0, 0, 0, 0, 0, 0, 0, 0, 0
0, 0, 0, 0, 0, 0, 0, 1, 0
0, 0, 0, 0, 0, 0, 0, 1, 0
0, 0, 0, 0, 0, 0, 0, 1, 0
0, 0, 0, 0, 0, 0, 0, 1, 0
0, 0, 0, 0, 0, 1, 0, 0, 0
0, 0, 0, 0, 1, 0, 0, 0, 0
0, 0, 0, 0, 0, 1, 0, 0, 0
0, 0, 0, 0, 1, 0, 0, 0, 0
0, 0, 0, 0, 0, 0, 0, 1, 0
0, 0, 0, 0, 0, 0, 0, 1, 0
0, 0, 0, 0, 0, 0, 0, 1, 0
0, 0, 0, 0, 0, 1, 0, 0, 0
0, 0, 0, 0, 1, 0, 0, 0, 0
0, 0, 0, 0, 0, 1, 0, 0, 0
0, 0, 0, 0, 1, 0, 0, 0, 0
0, 0, 0, 0, 0, 1, 0, 0, 0
0, 0, 0, 0, 1, 0, 0, 0, 0
0, 0, 0, 0, 0, 1, 0, 0, 0
0, 0, 0, 0, 1, 0, 0, 0, 0
0, 0, 0, 0, 0, 0, 0, 1, 0
0, 0, 0, 0, 0, 0, 0, 1, 0
0, 0, 0, 0, 0, 0, 0, 1, 0
0, 0, 0, 0, 0, 1, 0, 0, 0
0, 0, 0, 0, 1, 0, 0, 0, 0
0, 0, 0, 0, 0, 1, 0, 0, 0
0, 0, 0, 0, 0, 0, 0, 1, 0
0, 0, 0, 0, 0, 0, 0, 1, 0
0, 0, 0, 0, 0, 0, 0, 1, 0
0, 0, 0, 0, 0, 1, 0, 0, 0
0, 0, 0, 0, 1, 0, 0, 0, 0
0, 0, 0, 0, 0, 1, 0, 0, 0
0, 0, 0, 0, 1, 0, 0, 0, 0
0, 0, 0, 0, 0, 1, 0, 0, 0
2, 0, 0, 1, 1, 0, 0, 0, 0
0, 0, 0, 0, 0, 1, 0, 0, 0
0, 0, 0, 0, 1, 0, 0, 0, 0
0, 0, 0, 0, 0, 0, 0, 1, 0
0, 0, 0, 0, 0, 0, 0, 1, 0
0, 0, 0, 0, 0, 0, 0, 1, 0
0, 0, 0, 0, 0, 1, 0, 0, 0
0, 0, 0, 0, 1, 0, 0, 0, 0
0, 0, 0, 0, 0, 1, 0, 0, 0
2, 0, 0, 1, 1, 0, 0, 0, 0
0, 0, 0, 0, 0, 1, 0, 0, 0
0, 0, 0, 0, 0, 1, 0, 0, 0
0, 0, 0, 0, 0, 1, 0, 0, 0
0, 0, 0, 0, 0, 1, 0, 0, 0
0, 0, 0, 0, 0, 0, 0, 1, 0
0, 0, 0, 0, 0, 0, 0, 1, 0
0, 0, 0, 0, 0, 0, 0, 1, 0
0, 0, 0, 0, 0, 1, 0, 0, 0
2, 0, 0, 1, 1, 0, 0, 0, 0
0, 0, 0, 0, 0, 1, 0, 0, 0
2, 0, 0, 1, 1, 0, 0, 0, 0
0, 0, 0, 0, 0, 1, 0, 0, 0
2, 0, 0, 1, 1, 0, 0, 0, 0
0, 0, 0, 0, 0, 1, 0, 0, 0
2, 0, 0, 1, 1, 0, 0, 0, 0
0, 0, 0, 0, 0, 1, 0, 0, 0
2, 0, 0, 1, 1, 0, 0, 0, 0
0, 0, 0, 0, 0, 1, 0, 0, 0
0, 0, 0, 0, 1, 0, 0, 0, 0
0, 0, 0, 0, 0, 1, 0, 0, 0
2, 0, 0, 1, 1, 0, 0, 0, 0
0, 0, 0, 0, 0, 1, 0, 0, 0
0, 0, 0, 0, 1, 0, 0, 0, 0
0, 0, 0, 0, 0, 1, 0, 0, 0
2, 0, 0, 1, 1, 0, 0, 0, 0
0, 0, 0, 0, 0, 1, 0, 0, 0
0, 0, 0, 0, 1, 0, 0, 0, 0
0, 0, 0, 0, 0, 1, 0, 0, 0
2, 0, 0, 1, 1, 0, 0, 0, 0
0, 0, 0, 0, 0, 0, 0, 1, 0
0, 0, 0, 0, 0, 0, 0, 1, 0
0, 0, 0, 0, 0, 0, 0, 1, 0
0, 0, 0, 0, 0, 1, 0, 0, 0
2, 0, 0, 1, 1, 0, 0, 0, 0
0, 0, 0, 0, 0, 1, 0, 0, 0
0, 0, 0, 0, 1, 0, 0, 0, 0
0, 0, 0, 0, 0, 0, 0, 1, 0
0, 0, 0, 0, 0, 0, 0, 1, 0
0, 0, 0, 0, 0, 0, 0, 1, 0
0, 0, 0, 0, 0, 1, 0, 0, 0
0, 0, 0, 0, 1, 0, 0, 0, 0
0, 0, 0, 0, 0, 1, 0, 0, 0
0, 0, 0, 0, 1, 0, 0, 0, 0
0, 0, 0, 0, 0, 0, 0, 1, 0
0, 0, 0, 0, 0, 0, 0, 1, 0
0, 0, 0, 0, 0, 0, 0, 1, 0
0, 0, 0, 0, 0, 1, 0, 0, 0
0, 0, 0, 0, 1, 0, 0, 0, 0
0, 0, 0, 0, 0, 1, 0, 0, 0
0, 0, 0, 0, 1, 0, 0, 0, 0
0, 0, 0, 0, 0, 1, 0, 0, 0
2, 0, 0, 1, 1, 0, 0, 0, 0
0, 0, 0, 0, 0, 0, 0, 1, 0
0, 0, 0, 0, 0, 0, 0, 1, 0
0, 0, 0, 0, 0, 0, 0, 1, 0
0, 0, 0, 0, 0, 1, 0, 0, 0
0, 0, 0, 0, 1, 0, 0, 0, 0
0, 0, 0, 0, 0, 0, 0, 1, 0
0, 0, 0, 0, 0, 0, 0, 1, 0
0, 0, 0, 0, 0, 0, 0, 1, 0
0, 0, 0, 0, 0, 1, 0, 0, 0
0, 0, 0, 0, 1, 0, 0, 0, 0
0, 0, 0, 0, 0, 1, 0, 0, 0
0, 0, 0, 0, 1, 0, 0, 0, 0
0, 0, 0, 0, 0, 1, 0, 0, 0
0, 0, 0, 0, 1, 0, 0, 0, 0
0, 0, 0, 0, 0, 1, 0, 0, 0