DependencyCount, ThrowsException, ModifiesParameters, UnknownMethod, ModifiesLocalState, ReadsLocalState, ModifiesGlobalState, ReadsGlobalState
4, 0, 0, 2, 0, 1, 0, 0
0, 0, 0, 0, 0, 0, 0, 0
0, 0, 0, 0, 0, 0, 0, 0
4, 1, 0, 2, 0, 1, 0, 0
0, 0, 0, 0, 0, 0, 0, 0
56, 0, 0, 9, 0, 12, 0, 8
0, 0, 0, 0, 0, 0, 0, 0
26, 2, 0, 8, 0, 6, 0, 0
28, 2, 0, 8, 0, 6, 0, 0
78, 0, 0, 22, 2, 18, 0, 8
0, 0, 0, 0, 0, 1, 0, 0
178, 3, 0, 28, 20, 97, 0, 3
2, 0, 0, 1, 0, 2, 0, 0
2, 0, 0, 1, 0, 1, 0, 0
2, 3, 0, 1, 0, 0, 0, 1
66, 4, 0, 12, 0, 12, 0, 10
8, 4, 0, 2, 0, 0, 0, 2
0, 0, 0, 0, 0, 0, 0, 0
4, 0, 0, 2, 0, 0, 0, 2
6, 0, 0, 3, 0, 0, 0, 3
34, 0, 0, 13, 0, 6, 0, 7
0, 0, 0, 0, 0, 0, 0, 0
4, 0, 0, 2, 0, 0, 0, 0
16, 0, 0, 7, 0, 10, 0, 0
10, 0, 0, 4, 0, 8, 0, 0
0, 1, 0, 0, 0, 0, 0, 2
2, 0, 0, 1, 0, 0, 2, 0
8, 0, 0, 2, 0, 1, 0, 0
22, 0, 0, 5, 0, 2, 2, 0
4, 1, 0, 1, 0, 1, 0, 0
34, 0, 0, 13, 0, 1, 0, 3
18, 0, 0, 6, 0, 1, 0, 0
54, 1, 0, 0, 1, 8, 0, 1
54, 1, 0, 0, 1, 8, 0, 1
233, 2, 0, 47, 12, 74, 0, 13
0, 0, 0, 0, 0, 0, 0, 0
18, 0, 0, 9, 0, 0, 0, 0
0, 0, 0, 0, 0, 0, 0, 0
6, 0, 0, 3, 0, 0, 0, 0
76, 0, 0, 33, 0, 24, 0, 0
4, 0, 0, 2, 0, 1, 0, 0
0, 0, 0, 0, 0, 0, 0, 0
0, 0, 0, 0, 0, 0, 0, 0
2, 0, 0, 1, 0, 0, 0, 0
12362, 207, 0, 2466, 769, 4712, 0, 91
41, 0, 0, 1, 19, 35, 0, 1
0, 0, 0, 0, 0, 0, 0, 1
2, 0, 0, 0, 0, 0, 0, 0
4, 0, 0, 0, 0, 2, 0, 0
2644, 58, 0, 532, 143, 949, 0, 80
22, 0, 0, 6, 0, 4, 0, 0
0, 0, 0, 0, 0, 0, 0, 0
2, 0, 0, 1, 0, 0, 0, 0
27024, 467, 0, 5352, 1605, 9934, 0, 248
0, 0, 0, 0, 0, 1, 0, 0
2, 0, 0, 1, 0, 1, 0, 0
12, 1, 0, 4, 1, 6, 0, 0
18, 0, 0, 7, 0, 0, 0, 3
4, 0, 0, 2, 0, 0, 0, 0
0, 0, 0, 0, 0, 0, 0, 0
8, 0, 0, 4, 0, 0, 0, 0
2, 0, 0, 1, 0, 0, 0, 0
2, 0, 0, 1, 0, 0, 0, 0
50, 0, 0, 21, 0, 2, 0, 0
6, 0, 0, 3, 0, 12, 0, 0
10, 0, 0, 5, 0, 9, 0, 0
12, 0, 0, 6, 0, 7, 0, 0
14, 0, 0, 7, 0, 12, 0, 0
2, 0, 0, 1, 0, 0, 0, 0
0, 0, 0, 0, 0, 0, 0, 0
16, 0, 0, 8, 0, 0, 0, 0
94, 1, 0, 40, 0, 0, 0, 0
64, 1, 0, 27, 0, 0, 0, 2
14, 0, 0, 7, 0, 0, 0, 0
22, 1, 0, 10, 0, 0, 0, 0
12, 1, 0, 5, 0, 0, 0, 1
2, 0, 0, 0, 0, 0, 0, 0
6, 0, 0, 3, 0, 4, 0, 0
6, 0, 0, 3, 0, 2, 0, 0
8, 0, 0, 3, 0, 6, 0, 0
6, 0, 0, 3, 0, 2, 0, 0
8, 0, 0, 3, 0, 6, 0, 0
6, 0, 0, 3, 0, 2, 0, 0
8, 0, 0, 4, 0, 4, 0, 0
10, 0, 0, 4, 0, 6, 0, 0
8, 0, 0, 4, 0, 4, 0, 0
10, 0, 0, 4, 0, 8, 0, 0
8, 0, 0, 4, 0, 4, 0, 0
10, 0, 0, 4, 0, 8, 0, 0
8, 0, 0, 4, 0, 4, 0, 0
12, 0, 0, 5, 0, 8, 0, 0
8, 0, 0, 4, 0, 4, 0, 0
10, 0, 0, 4, 0, 8, 0, 0
4, 0, 0, 2, 0, 8, 0, 0
8, 0, 0, 4, 0, 4, 0, 0
10, 0, 0, 4, 0, 8, 0, 0
10, 0, 0, 5, 0, 6, 0, 0
14, 0, 0, 6, 0, 9, 0, 0
8, 0, 0, 4, 0, 4, 0, 0
14, 0, 0, 5, 0, 11, 0, 0
2, 0, 0, 1, 0, 2, 0, 0
2, 0, 0, 1, 0, 1, 0, 0
8, 0, 0, 4, 0, 4, 0, 0
10, 0, 0, 4, 0, 8, 0, 0
6, 0, 0, 3, 0, 2, 0, 0
8, 0, 0, 3, 0, 5, 0, 0
8, 0, 0, 4, 0, 4, 0, 0
12, 0, 0, 5, 0, 8, 0, 0
2, 0, 0, 1, 0, 0, 0, 0
26, 1, 0, 10, 0, 7, 0, 0
2, 0, 0, 1, 0, 0, 0, 0
16, 1, 0, 7, 0, 1, 0, 0
6, 0, 0, 3, 0, 2, 0, 0
6, 0, 0, 3, 0, 2, 0, 0
240, 0, 0, 82, 0, 69, 0, 17
4, 0, 0, 2, 0, 0, 0, 0
4, 0, 0, 2, 0, 0, 0, 0
0, 0, 0, 0, 0, 0, 0, 0
0, 0, 0, 0, 0, 0, 0, 0
2, 0, 0, 1, 0, 6, 0, 0
0, 0, 0, 0, 0, 0, 0, 0
2, 0, 0, 1, 0, 0, 0, 0
2, 0, 0, 1, 0, 0, 0, 0
12, 1, 0, 4, 0, 7, 0, 0
2, 0, 0, 1, 0, 2, 0, 0
4, 0, 0, 1, 0, 2, 0, 0
8, 0, 0, 4, 1, 0, 0, 0
0, 0, 0, 0, 0, 0, 0, 0
0, 0, 0, 0, 0, 0, 0, 0
6, 0, 0, 2, 0, 0, 0, 0
2, 0, 0, 1, 0, 0, 0, 0
0, 0, 0, 0, 0, 0, 0, 0
6, 0, 0, 2, 0, 0, 0, 0
0, 0, 0, 0, 0, 5, 0, 0
4, 0, 0, 1, 0, 5, 0, 0
0, 0, 0, 0, 0, 0, 0, 0
2, 0, 0, 0, 0, 0, 0, 0
8, 0, 0, 1, 0, 0, 0, 0
26, 0, 0, 3, 0, 2, 0, 2
12, 0, 0, 0, 0, 1, 0, 4
42, 0, 0, 4, 1, 5, 0, 6
8, 0, 0, 3, 0, 5, 0, 0
0, 0, 0, 0, 0, 0, 0, 0
8, 0, 0, 3, 0, 4, 0, 0
2, 0, 0, 1, 0, 1, 0, 0
8, 0, 0, 3, 0, 4, 0, 0
12, 0, 0, 5, 0, 8, 0, 0
0, 0, 0, 0, 0, 0, 0, 0
6, 0, 0, 3, 0, 1, 0, 0
2, 0, 0, 1, 0, 0, 0, 0
2, 0, 1, 1, 0, 0, 0, 0
18, 0, 3, 9, 0, 0, 0, 0
44, 0, 3, 21, 0, 0, 0, 0
6, 0, 0, 3, 0, 0, 0, 0
0, 0, 0, 0, 0, 0, 0, 0
0, 0, 0, 0, 0, 0, 0, 0
2, 0, 0, 1, 0, 0, 0, 0
30, 0, 0, 12, 0, 0, 0, 1
42, 0, 0, 17, 0, 4, 0, 1
10, 0, 0, 4, 0, 3, 0, 0
10, 0, 0, 4, 0, 3, 0, 0
10, 0, 0, 4, 0, 3, 0, 0
2, 0, 0, 1, 0, 2, 0, 0
2, 0, 0, 1, 0, 2, 0, 0
6, 0, 0, 2, 0, 0, 0, 0
4, 0, 0, 1, 0, 3, 0, 0
4, 0, 0, 2, 0, 2, 0, 0
6, 0, 0, 2, 0, 0, 0, 0
4, 0, 0, 1, 0, 3, 0, 0
0, 0, 0, 0, 0, 0, 0, 0
6, 0, 0, 2, 0, 0, 0, 0
2, 0, 0, 1, 0, 2, 0, 0
6, 0, 0, 2, 0, 0, 0, 0
2, 0, 0, 1, 0, 2, 0, 0
8, 0, 0, 3, 0, 6, 0, 0
2, 0, 0, 0, 0, 2, 0, 0
2, 0, 0, 1, 0, 2, 0, 0
2, 0, 0, 1, 0, 1, 0, 0
4, 0, 0, 2, 0, 3, 0, 0
26, 0, 0, 6, 0, 13, 0, 0
0, 0, 0, 0, 0, 0, 0, 0
12, 0, 0, 6, 0, 6, 0, 0
24, 0, 0, 5, 0, 14, 0, 0
2, 0, 0, 1, 0, 0, 0, 0
2, 0, 0, 1, 0, 0, 0, 0
2, 0, 0, 1, 0, 0, 0, 0
742, 6, 0, 224, 17, 277, 0, 22
22, 0, 0, 7, 0, 10, 0, 0
2, 0, 0, 1, 0, 0, 0, 0
2, 0, 0, 1, 0, 0, 0, 0
186, 1, 0, 54, 2, 70, 0, 3
914, 7, 0, 276, 25, 339, 0, 24
0, 0, 0, 0, 0, 1, 0, 0
4, 0, 0, 2, 0, 0, 0, 0
2, 0, 0, 1, 0, 1, 0, 0
38, 0, 0, 16, 0, 8, 0, 0
2, 0, 0, 1, 0, 1, 0, 0
4, 0, 0, 2, 0, 0, 0, 0
30, 0, 0, 14, 1, 6, 0, 0
0, 0, 0, 0, 0, 5, 0, 0
10, 0, 0, 4, 0, 5, 0, 0
0, 0, 0, 0, 0, 4, 0, 0
0, 0, 0, 0, 0, 2, 0, 0
12, 0, 0, 5, 1, 2, 0, 0
8, 0, 0, 3, 0, 0, 0, 0
8, 0, 0, 3, 0, 0, 0, 0
8, 0, 0, 3, 0, 0, 0, 0
20, 0, 0, 8, 2, 4, 0, 0
10, 0, 0, 4, 0, 3, 0, 0
10, 0, 0, 4, 0, 3, 0, 0
10, 0, 0, 4, 0, 3, 0, 0
10, 0, 0, 3, 0, 8, 0, 0
4, 0, 0, 0, 0, 3, 0, 0
2, 0, 0, 1, 0, 1, 0, 0
10, 0, 0, 3, 0, 8, 0, 0
8, 0, 0, 1, 0, 4, 0, 0
2, 0, 0, 1, 0, 5, 0, 0
2, 0, 0, 1, 0, 2, 0, 0
0, 0, 0, 0, 0, 1, 0, 0
4, 0, 0, 2, 0, 3, 0, 0
4, 0, 0, 2, 0, 7, 0, 0
0, 0, 0, 0, 0, 2, 0, 0
0, 0, 0, 0, 0, 0, 0, 0
10, 0, 0, 3, 0, 8, 0, 0
4, 0, 0, 0, 0, 3, 0, 0
2, 0, 0, 1, 0, 1, 0, 0
4, 0, 0, 2, 0, 4, 0, 0
4, 0, 0, 2, 0, 2, 0, 0
6, 0, 0, 2, 0, 8, 0, 0
4, 0, 0, 1, 0, 2, 0, 0
4, 0, 0, 1, 0, 4, 0, 0
4, 0, 0, 1, 0, 8, 0, 0
4, 0, 0, 2, 0, 0, 0, 0
2, 0, 0, 1, 0, 0, 0, 0
24, 0, 0, 10, 0, 0, 0, 0
0, 0, 0, 0, 0, 0, 0, 0
14, 0, 0, 7, 0, 0, 0, 0
2, 0, 0, 1, 0, 0, 0, 0
2, 0, 0, 1, 0, 0, 0, 0
68, 0, 0, 30, 0, 0, 0, 0
8, 0, 0, 2, 1, 2, 0, 2
2, 0, 0, 1, 0, 0, 0, 0
12, 0, 0, 5, 0, 0, 0, 0
558, 5, 0, 197, 0, 76, 0, 17
2, 0, 0, 1, 0, 0, 0, 0
2, 0, 0, 1, 0, 0, 0, 0
2, 0, 0, 1, 0, 0, 0, 0
2, 0, 0, 1, 0, 0, 0, 0
2, 0, 0, 1, 0, 0, 0, 0
2, 0, 0, 1, 0, 0, 0, 0
2, 0, 0, 1, 0, 1, 0, 0
2, 0, 0, 1, 0, 1, 0, 0
32, 0, 0, 10, 0, 13, 0, 0
2, 0, 0, 1, 0, 0, 0, 0
2, 0, 0, 1, 0, 0, 0, 0
0, 0, 0, 0, 0, 0, 0, 0
32, 2, 0, 12, 0, 18, 0, 0
0, 0, 0, 0, 0, 2, 0, 0
0, 0, 0, 0, 0, 0, 0, 0
4, 0, 0, 1, 0, 0, 0, 0
12, 0, 0, 5, 0, 5, 0, 0
14, 0, 0, 6, 0, 0, 0, 0
28, 0, 0, 9, 0, 6, 0, 1
4, 0, 0, 2, 0, 1, 0, 0
4, 0, 0, 2, 0, 0, 0, 0
4, 0, 0, 2, 0, 1, 0, 1
6, 0, 0, 3, 0, 0, 0, 0
0, 0, 0, 0, 0, 0, 0, 0
4, 0, 0, 2, 0, 1, 0, 0
0, 0, 0, 0, 0, 0, 0, 0
8, 0, 0, 3, 0, 2, 0, 0
14, 0, 0, 7, 0, 10, 0, 0
8, 0, 0, 4, 0, 4, 0, 0
6, 0, 0, 3, 0, 2, 0, 0
2, 0, 0, 1, 0, 1, 0, 0
0, 0, 0, 0, 0, 1, 0, 0
6, 0, 0, 3, 0, 2, 0, 0
2, 0, 0, 1, 0, 1, 0, 0
0, 0, 0, 0, 0, 1, 0, 0
6, 0, 0, 3, 0, 2, 0, 0
2, 0, 0, 1, 0, 1, 0, 0
0, 0, 0, 0, 0, 1, 0, 0
6, 0, 0, 3, 0, 2, 0, 0
2, 0, 0, 1, 0, 1, 0, 0
0, 0, 0, 0, 0, 1, 0, 0
8, 0, 0, 4, 0, 4, 0, 0
4, 0, 0, 2, 0, 2, 0, 0
0, 0, 0, 0, 0, 2, 0, 0
6, 0, 0, 3, 0, 2, 0, 0
2, 0, 0, 1, 0, 1, 0, 0
0, 0, 0, 0, 0, 1, 0, 0
6, 0, 0, 3, 0, 2, 0, 0
2, 0, 0, 1, 0, 1, 0, 0
0, 0, 0, 0, 0, 1, 0, 0
6, 0, 0, 3, 0, 2, 0, 0
2, 0, 0, 1, 0, 1, 0, 0
0, 0, 0, 0, 0, 1, 0, 0
6, 0, 0, 3, 0, 2, 0, 0
2, 0, 0, 1, 0, 1, 0, 0
0, 0, 0, 0, 0, 1, 0, 0
6, 0, 0, 3, 0, 2, 0, 0
2, 0, 0, 1, 0, 1, 0, 0
0, 0, 0, 0, 0, 1, 0, 0
6, 0, 0, 3, 0, 2, 0, 0
2, 0, 0, 1, 0, 1, 0, 0
0, 0, 0, 0, 0, 1, 0, 0
0, 0, 0, 0, 0, 3, 0, 0
2, 0, 0, 1, 0, 1, 0, 0
6, 0, 0, 3, 0, 2, 0, 0
2, 0, 0, 1, 0, 1, 0, 0
0, 0, 0, 0, 0, 1, 0, 0
6, 0, 0, 3, 0, 2, 0, 0
2, 0, 0, 1, 0, 1, 0, 0
0, 0, 0, 0, 0, 1, 0, 0
6, 0, 0, 3, 0, 2, 0, 0
2, 0, 0, 1, 0, 1, 0, 0
0, 0, 0, 0, 0, 1, 0, 0
6, 0, 0, 3, 0, 2, 0, 0
2, 0, 0, 1, 0, 1, 0, 0
0, 0, 0, 0, 0, 1, 0, 0
6, 0, 0, 3, 0, 2, 0, 0
2, 0, 0, 1, 0, 1, 0, 0
0, 0, 0, 0, 0, 1, 0, 0
8, 0, 0, 4, 0, 4, 0, 0
4, 0, 0, 2, 0, 2, 0, 0
0, 0, 0, 0, 0, 2, 0, 0
6, 0, 0, 3, 0, 2, 0, 0
2, 0, 0, 1, 0, 1, 0, 0
0, 0, 0, 0, 0, 1, 0, 0
4, 0, 0, 2, 0, 0, 0, 0
0, 0, 0, 0, 0, 0, 0, 0
6, 0, 0, 3, 0, 2, 0, 0
2, 0, 0, 1, 0, 1, 0, 0
6, 0, 0, 3, 0, 2, 0, 0
2, 0, 0, 1, 0, 1, 0, 0
8, 0, 0, 4, 0, 4, 0, 0
2, 0, 0, 1, 0, 2, 0, 0
4, 0, 0, 2, 0, 1, 0, 0
22, 0, 0, 10, 0, 0, 0, 0
2, 0, 0, 1, 0, 0, 0, 0
2, 0, 0, 1, 0, 0, 0, 0
22, 0, 1, 10, 0, 0, 0, 0
16, 0, 2, 8, 0, 0, 0, 0
10, 0, 1, 5, 0, 0, 0, 0
0, 0, 0, 0, 0, 0, 0, 0
0, 0, 0, 0, 0, 0, 0, 0
0, 0, 0, 0, 0, 0, 0, 0
18, 0, 0, 6, 0, 0, 0, 0
0, 0, 0, 0, 0, 0, 0, 0
4, 0, 0, 1, 0, 0, 0, 0
10, 0, 0, 4, 1, 5, 0, 0
2, 0, 0, 1, 0, 1, 0, 0
0, 0, 0, 0, 0, 0, 0, 0
0, 0, 0, 0, 0, 0, 0, 0
0, 0, 0, 0, 0, 0, 0, 0
6, 0, 0, 2, 0, 0, 0, 0
0, 0, 0, 0, 0, 0, 0, 0
2, 0, 0, 1, 0, 0, 0, 0
10, 0, 0, 4, 0, 0, 0, 0
0, 0, 0, 0, 0, 0, 0, 0
42, 0, 0, 16, 0, 3, 0, 0
6, 0, 0, 3, 0, 2, 0, 0
2, 0, 0, 1, 0, 1, 0, 0
8, 0, 0, 4, 0, 4, 0, 0
4, 0, 0, 2, 0, 2, 0, 0
0, 0, 0, 0, 0, 0, 0, 0
6, 0, 0, 2, 0, 0, 0, 0
8, 0, 0, 4, 0, 3, 0, 0
4, 0, 0, 2, 0, 2, 0, 0
2, 0, 0, 1, 0, 3, 0, 0
2, 0, 0, 1, 0, 0, 0, 0
8, 0, 0, 3, 0, 2, 0, 0
342, 3, 0, 140, 28, 125, 0, 4
2, 0, 0, 1, 0, 0, 0, 0
2, 0, 0, 1, 0, 0, 0, 0
0, 0, 0, 0, 0, 0, 0, 0
0, 0, 0, 0, 0, 0, 0, 0
6, 0, 0, 3, 0, 0, 0, 0
0, 0, 0, 0, 0, 0, 0, 0
6, 0, 0, 2, 0, 0, 0, 0
6, 0, 0, 3, 0, 1, 0, 0
8, 0, 0, 4, 0, 3, 0, 0
4, 0, 0, 2, 0, 2, 0, 0
18, 0, 0, 9, 0, 4, 0, 0
2, 0, 0, 1, 0, 0, 0, 0
8, 0, 0, 4, 0, 0, 0, 0
8, 0, 0, 4, 0, 1, 0, 0
10, 0, 0, 5, 0, 2, 0, 0
18, 0, 0, 7, 0, 2, 0, 0
44, 0, 0, 17, 0, 5, 0, 0
2, 0, 0, 1, 0, 0, 0, 0
8, 0, 0, 3, 0, 2, 0, 1
4, 0, 0, 2, 0, 1, 0, 0
16, 0, 0, 7, 0, 1, 0, 0
2, 0, 0, 1, 0, 0, 0, 0
6, 0, 0, 3, 0, 0, 0, 0
20, 0, 0, 9, 0, 1, 0, 0
2, 0, 0, 1, 0, 0, 0, 0
12, 0, 0, 6, 0, 2, 0, 0
8, 0, 0, 4, 2, 3, 0, 0
16, 0, 0, 6, 0, 3, 0, 0
20, 0, 0, 7, 1, 2, 0, 0
2, 0, 0, 1, 0, 0, 0, 0
28, 0, 0, 11, 3, 11, 0, 0
2, 0, 0, 1, 0, 0, 0, 0
0, 0, 0, 0, 0, 0, 0, 0
12, 0, 0, 4, 1, 0, 0, 0
4, 0, 0, 2, 0, 1, 0, 0
4, 0, 0, 2, 0, 1, 0, 0
6, 0, 0, 3, 0, 2, 0, 0
8, 0, 0, 4, 0, 3, 0, 0
0, 0, 0, 0, 0, 0, 0, 0
2, 0, 0, 1, 0, 0, 0, 0
8, 0, 0, 3, 0, 0, 0, 0
22, 0, 0, 8, 0, 1, 0, 0
2, 0, 0, 1, 0, 1, 0, 0
8, 0, 0, 4, 0, 0, 0, 1
24, 0, 0, 11, 0, 1, 0, 1
0, 0, 0, 0, 0, 0, 0, 0
8, 0, 0, 4, 0, 2, 0, 1
2, 0, 0, 1, 0, 0, 0, 0
0, 0, 0, 0, 0, 0, 0, 0
2, 0, 0, 1, 0, 0, 0, 0
0, 0, 0, 0, 0, 0, 0, 0
6, 0, 0, 2, 0, 0, 0, 0
6, 0, 0, 2, 1, 3, 0, 0
4, 0, 0, 2, 0, 2, 0, 0
2, 0, 0, 1, 0, 0, 0, 0
4, 0, 0, 2, 2, 2, 0, 0
18, 0, 0, 7, 2, 4, 0, 0
2, 0, 0, 1, 1, 1, 0, 0
14, 0, 0, 5, 1, 3, 0, 0
18, 0, 0, 9, 0, 9, 0, 0
2, 0, 0, 1, 0, 0, 0, 0
2, 0, 0, 1, 0, 0, 0, 0
2, 0, 0, 1, 0, 0, 0, 0
6, 0, 0, 3, 0, 1, 0, 0
0, 0, 0, 0, 0, 0, 0, 0
16, 0, 0, 6, 2, 7, 0, 0
8, 0, 0, 4, 0, 5, 0, 0
2, 0, 0, 1, 1, 1, 0, 0
8, 0, 0, 4, 0, 5, 0, 0
0, 0, 0, 0, 0, 0, 0, 0
4, 0, 0, 2, 0, 2, 0, 0
4, 0, 0, 2, 2, 2, 0, 0
18, 0, 0, 7, 2, 4, 0, 0
2, 0, 0, 1, 1, 1, 0, 0
14, 0, 0, 5, 1, 3, 0, 0
2, 0, 0, 1, 0, 1, 0, 0
92, 0, 0, 32, 7, 17, 0, 1
4, 0, 0, 2, 0, 1, 0, 0
0, 0, 0, 0, 0, 0, 0, 0
0, 0, 0, 0, 0, 0, 0, 0
4, 1, 0, 2, 0, 1, 0, 0
0, 0, 0, 0, 0, 0, 0, 0
56, 0, 0, 9, 0, 12, 0, 8
0, 0, 0, 0, 0, 0, 0, 0
26, 2, 0, 8, 0, 6, 0, 0
28, 2, 0, 8, 0, 6, 0, 0
78, 0, 0, 22, 2, 18, 0, 8
0, 0, 0, 0, 0, 1, 0, 0
178, 3, 0, 28, 20, 97, 0, 3
2, 0, 0, 1, 0, 2, 0, 0
2, 0, 0, 1, 0, 1, 0, 0
2, 3, 0, 1, 0, 0, 0, 1
66, 4, 0, 12, 0, 12, 0, 10
8, 4, 0, 2, 0, 0, 0, 2
0, 0, 0, 0, 0, 0, 0, 0
4, 0, 0, 2, 0, 0, 0, 2
6, 0, 0, 3, 0, 0, 0, 3
34, 0, 0, 13, 0, 6, 0, 7
0, 0, 0, 0, 0, 0, 0, 0
4, 0, 0, 2, 0, 0, 0, 0
16, 0, 0, 7, 0, 10, 0, 0
10, 0, 0, 4, 0, 8, 0, 0
0, 1, 0, 0, 0, 0, 0, 2
2, 0, 0, 1, 0, 0, 2, 0
8, 0, 0, 2, 0, 1, 0, 0
22, 0, 0, 5, 0, 2, 2, 0
4, 1, 0, 1, 0, 1, 0, 0
34, 0, 0, 13, 0, 1, 0, 3
18, 0, 0, 6, 0, 1, 0, 0
54, 1, 0, 0, 1, 8, 0, 1
54, 1, 0, 0, 1, 8, 0, 1
233, 2, 0, 47, 12, 74, 0, 13
0, 0, 0, 0, 0, 0, 0, 0
6, 0, 0, 3, 0, 0, 0, 0
18, 0, 0, 9, 0, 0, 0, 0
4, 0, 0, 2, 0, 1, 0, 0
0, 0, 0, 0, 0, 0, 0, 0
0, 0, 0, 0, 0, 0, 0, 0
2, 0, 0, 1, 0, 0, 0, 0
12362, 207, 0, 2466, 769, 4712, 0, 91
41, 0, 0, 1, 19, 35, 0, 1
0, 0, 0, 0, 0, 0, 0, 1
4, 0, 0, 0, 0, 2, 0, 0
2648, 58, 0, 534, 143, 949, 0, 80
22, 0, 0, 6, 0, 4, 0, 0
0, 0, 0, 0, 0, 0, 0, 0
2, 0, 0, 1, 0, 0, 0, 0
27024, 467, 0, 5352, 1605, 9934, 0, 248
0, 0, 0, 0, 0, 1, 0, 0
2, 0, 0, 1, 0, 1, 0, 0
12, 1, 0, 4, 1, 6, 0, 0
0, 0, 0, 0, 0, 0, 0, 0
8, 0, 0, 4, 0, 0, 0, 0
2, 0, 0, 1, 0, 0, 0, 0
2, 0, 0, 1, 0, 0, 0, 0
50, 0, 0, 21, 0, 2, 0, 0
6, 0, 0, 3, 0, 12, 0, 0
10, 0, 0, 5, 0, 9, 0, 0
12, 0, 0, 6, 0, 7, 0, 0
14, 0, 0, 7, 0, 12, 0, 0
2, 0, 0, 1, 0, 0, 0, 0
0, 0, 0, 0, 0, 0, 0, 0
16, 0, 0, 8, 0, 0, 0, 0
94, 1, 0, 40, 0, 0, 0, 0
64, 1, 0, 27, 0, 0, 0, 2
14, 0, 0, 7, 0, 0, 0, 0
22, 1, 0, 10, 0, 0, 0, 0
12, 1, 0, 5, 0, 0, 0, 1
2, 0, 0, 0, 0, 0, 0, 0
6, 0, 0, 3, 0, 4, 0, 0
6, 0, 0, 3, 0, 2, 0, 0
8, 0, 0, 3, 0, 6, 0, 0
6, 0, 0, 3, 0, 2, 0, 0
8, 0, 0, 3, 0, 6, 0, 0
6, 0, 0, 3, 0, 2, 0, 0
8, 0, 0, 4, 0, 4, 0, 0
10, 0, 0, 4, 0, 6, 0, 0
8, 0, 0, 4, 0, 4, 0, 0
10, 0, 0, 4, 0, 8, 0, 0
8, 0, 0, 4, 0, 4, 0, 0
10, 0, 0, 4, 0, 8, 0, 0
8, 0, 0, 4, 0, 4, 0, 0
12, 0, 0, 5, 0, 8, 0, 0
8, 0, 0, 4, 0, 4, 0, 0
10, 0, 0, 4, 0, 8, 0, 0
4, 0, 0, 2, 0, 8, 0, 0
8, 0, 0, 4, 0, 4, 0, 0
10, 0, 0, 4, 0, 8, 0, 0
10, 0, 0, 5, 0, 6, 0, 0
14, 0, 0, 6, 0, 9, 0, 0
8, 0, 0, 4, 0, 4, 0, 0
14, 0, 0, 5, 0, 11, 0, 0
2, 0, 0, 1, 0, 2, 0, 0
2, 0, 0, 1, 0, 1, 0, 0
8, 0, 0, 4, 0, 4, 0, 0
10, 0, 0, 4, 0, 8, 0, 0
6, 0, 0, 3, 0, 2, 0, 0
8, 0, 0, 3, 0, 5, 0, 0
8, 0, 0, 4, 0, 4, 0, 0
12, 0, 0, 5, 0, 8, 0, 0
2, 0, 0, 1, 0, 0, 0, 0
26, 1, 0, 10, 0, 7, 0, 0
2, 0, 0, 1, 0, 0, 0, 0
16, 1, 0, 7, 0, 1, 0, 0
6, 0, 0, 3, 0, 2, 0, 0
6, 0, 0, 3, 0, 2, 0, 0
240, 0, 0, 82, 0, 69, 0, 17
4, 0, 0, 2, 0, 0, 0, 0
4, 0, 0, 2, 0, 0, 0, 0
0, 0, 0, 0, 0, 0, 0, 0
76, 0, 0, 33, 0, 24, 0, 0
2, 0, 0, 0, 0, 0, 0, 0
18, 0, 0, 7, 0, 0, 0, 3
4, 0, 0, 2, 0, 0, 0, 0
0, 0, 0, 0, 0, 0, 0, 0
0, 0, 0, 0, 0, 0, 0, 0
2, 0, 0, 1, 0, 6, 0, 0
0, 0, 0, 0, 0, 0, 0, 0
2, 0, 0, 1, 0, 0, 0, 0
2, 0, 0, 1, 0, 0, 0, 0
12, 1, 0, 4, 0, 7, 0, 0
2, 0, 0, 1, 0, 2, 0, 0
8, 0, 0, 4, 1, 0, 0, 0
0, 0, 0, 0, 0, 0, 0, 0
0, 0, 0, 0, 0, 0, 0, 0
6, 0, 0, 2, 0, 0, 0, 0
2, 0, 0, 1, 0, 0, 0, 0
0, 0, 0, 0, 0, 0, 0, 0
6, 0, 0, 2, 0, 0, 0, 0
0, 0, 0, 0, 0, 5, 0, 0
4, 0, 0, 1, 0, 5, 0, 0
8, 0, 0, 3, 0, 5, 0, 0
0, 0, 0, 0, 0, 0, 0, 0
8, 0, 0, 3, 0, 4, 0, 0
2, 0, 0, 1, 0, 1, 0, 0
8, 0, 0, 3, 0, 4, 0, 0
12, 0, 0, 5, 0, 8, 0, 0
0, 0, 0, 0, 0, 0, 0, 0
6, 0, 0, 3, 0, 1, 0, 0
2, 0, 0, 1, 0, 0, 0, 0
0, 0, 0, 0, 0, 0, 0, 0
0, 0, 0, 0, 0, 0, 0, 0
2, 0, 0, 1, 0, 0, 0, 0
30, 0, 0, 12, 0, 0, 0, 1
42, 0, 0, 17, 0, 4, 0, 1
10, 0, 0, 4, 0, 3, 0, 0
10, 0, 0, 4, 0, 3, 0, 0
10, 0, 0, 4, 0, 3, 0, 0
2, 0, 0, 1, 0, 0, 0, 0
2, 0, 1, 1, 0, 0, 0, 0
18, 0, 3, 9, 0, 0, 0, 0
44, 0, 3, 21, 0, 0, 0, 0
0, 0, 0, 0, 0, 0, 0, 0
6, 0, 0, 3, 0, 0, 0, 0
2, 0, 0, 1, 0, 0, 0, 0
8, 0, 0, 3, 0, 0, 0, 0
22, 0, 0, 8, 0, 1, 0, 0
8, 0, 0, 4, 0, 0, 0, 1
24, 0, 0, 11, 0, 1, 0, 1
2, 0, 0, 1, 0, 2, 0, 0
2, 0, 0, 1, 0, 2, 0, 0
6, 0, 0, 2, 0, 0, 0, 0
4, 0, 0, 1, 0, 3, 0, 0
4, 0, 0, 2, 0, 2, 0, 0
6, 0, 0, 2, 0, 0, 0, 0
4, 0, 0, 1, 0, 3, 0, 0
0, 0, 0, 0, 0, 0, 0, 0
6, 0, 0, 2, 0, 0, 0, 0
2, 0, 0, 1, 0, 2, 0, 0
6, 0, 0, 2, 0, 0, 0, 0
2, 0, 0, 1, 0, 2, 0, 0
8, 0, 0, 3, 0, 6, 0, 0
2, 0, 0, 0, 0, 2, 0, 0
2, 0, 0, 1, 0, 2, 0, 0
2, 0, 0, 1, 0, 1, 0, 0
4, 0, 0, 2, 0, 3, 0, 0
26, 0, 0, 6, 0, 13, 0, 0
0, 0, 0, 0, 0, 0, 0, 0
12, 0, 0, 6, 0, 6, 0, 0
24, 0, 0, 5, 0, 14, 0, 0
2, 0, 0, 1, 0, 0, 0, 0
2, 0, 0, 1, 0, 0, 0, 0
2, 0, 0, 1, 0, 0, 0, 0
742, 6, 0, 224, 17, 277, 0, 22
22, 0, 0, 7, 0, 10, 0, 0
2, 0, 0, 1, 0, 0, 0, 0
2, 0, 0, 1, 0, 0, 0, 0
186, 1, 0, 54, 2, 70, 0, 3
914, 7, 0, 276, 25, 339, 0, 24
0, 0, 0, 0, 0, 1, 0, 0
4, 0, 0, 2, 0, 0, 0, 0
2, 0, 0, 1, 0, 1, 0, 0
38, 0, 0, 16, 0, 8, 0, 0
2, 0, 0, 1, 0, 1, 0, 0
4, 0, 0, 2, 0, 0, 0, 0
30, 0, 0, 14, 1, 6, 0, 0
0, 0, 0, 0, 0, 5, 0, 0
10, 0, 0, 4, 0, 5, 0, 0
0, 0, 0, 0, 0, 4, 0, 0
0, 0, 0, 0, 0, 2, 0, 0
12, 0, 0, 5, 1, 2, 0, 0
8, 0, 0, 3, 0, 0, 0, 0
8, 0, 0, 3, 0, 0, 0, 0
8, 0, 0, 3, 0, 0, 0, 0
20, 0, 0, 8, 2, 4, 0, 0
10, 0, 0, 4, 0, 3, 0, 0
10, 0, 0, 4, 0, 3, 0, 0
10, 0, 0, 4, 0, 3, 0, 0
10, 0, 0, 3, 0, 8, 0, 0
4, 0, 0, 0, 0, 3, 0, 0
2, 0, 0, 1, 0, 1, 0, 0
10, 0, 0, 3, 0, 8, 0, 0
8, 0, 0, 1, 0, 4, 0, 0
2, 0, 0, 1, 0, 5, 0, 0
2, 0, 0, 1, 0, 2, 0, 0
0, 0, 0, 0, 0, 1, 0, 0
4, 0, 0, 2, 0, 3, 0, 0
4, 0, 0, 2, 0, 7, 0, 0
0, 0, 0, 0, 0, 2, 0, 0
0, 0, 0, 0, 0, 0, 0, 0
10, 0, 0, 3, 0, 8, 0, 0
4, 0, 0, 0, 0, 3, 0, 0
2, 0, 0, 1, 0, 1, 0, 0
4, 0, 0, 2, 0, 4, 0, 0
4, 0, 0, 2, 0, 2, 0, 0
6, 0, 0, 2, 0, 8, 0, 0
4, 0, 0, 1, 0, 2, 0, 0
4, 0, 0, 1, 0, 4, 0, 0
4, 0, 0, 1, 0, 8, 0, 0
4, 0, 0, 2, 0, 0, 0, 0
2, 0, 0, 1, 0, 0, 0, 0
24, 0, 0, 10, 0, 0, 0, 0
0, 0, 0, 0, 0, 0, 0, 0
14, 0, 0, 7, 0, 0, 0, 0
2, 0, 0, 1, 0, 0, 0, 0
2, 0, 0, 1, 0, 0, 0, 0
68, 0, 0, 30, 0, 0, 0, 0
8, 0, 0, 2, 1, 2, 0, 2
2, 0, 0, 1, 0, 0, 0, 0
12, 0, 0, 5, 0, 0, 0, 0
558, 5, 0, 197, 0, 76, 0, 17
2, 0, 0, 1, 0, 0, 0, 0
2, 0, 0, 1, 0, 0, 0, 0
2, 0, 0, 1, 0, 0, 0, 0
2, 0, 0, 1, 0, 0, 0, 0
2, 0, 0, 1, 0, 0, 0, 0
2, 0, 0, 1, 0, 0, 0, 0
2, 0, 0, 1, 0, 1, 0, 0
2, 0, 0, 1, 0, 1, 0, 0
32, 0, 0, 10, 0, 13, 0, 0
2, 0, 0, 1, 0, 0, 0, 0
2, 0, 0, 1, 0, 0, 0, 0
0, 0, 0, 0, 0, 0, 0, 0
32, 2, 0, 12, 0, 18, 0, 0
0, 0, 0, 0, 0, 2, 0, 0
0, 0, 0, 0, 0, 0, 0, 0
4, 0, 0, 1, 0, 0, 0, 0
12, 0, 0, 5, 0, 5, 0, 0
14, 0, 0, 6, 0, 0, 0, 0
28, 0, 0, 9, 0, 6, 0, 1
4, 0, 0, 2, 0, 1, 0, 0
4, 0, 0, 2, 0, 0, 0, 0
4, 0, 0, 2, 0, 1, 0, 1
6, 0, 0, 3, 0, 0, 0, 0
0, 0, 0, 0, 0, 0, 0, 0
4, 0, 0, 2, 0, 1, 0, 0
0, 0, 0, 0, 0, 0, 0, 0
8, 0, 0, 3, 0, 2, 0, 0
14, 0, 0, 7, 0, 10, 0, 0
8, 0, 0, 4, 0, 4, 0, 0
6, 0, 0, 3, 0, 2, 0, 0
2, 0, 0, 1, 0, 1, 0, 0
0, 0, 0, 0, 0, 1, 0, 0
6, 0, 0, 3, 0, 2, 0, 0
2, 0, 0, 1, 0, 1, 0, 0
0, 0, 0, 0, 0, 1, 0, 0
6, 0, 0, 3, 0, 2, 0, 0
2, 0, 0, 1, 0, 1, 0, 0
0, 0, 0, 0, 0, 1, 0, 0
6, 0, 0, 3, 0, 2, 0, 0
2, 0, 0, 1, 0, 1, 0, 0
0, 0, 0, 0, 0, 1, 0, 0
8, 0, 0, 4, 0, 4, 0, 0
4, 0, 0, 2, 0, 2, 0, 0
0, 0, 0, 0, 0, 2, 0, 0
6, 0, 0, 3, 0, 2, 0, 0
2, 0, 0, 1, 0, 1, 0, 0
0, 0, 0, 0, 0, 1, 0, 0
6, 0, 0, 3, 0, 2, 0, 0
2, 0, 0, 1, 0, 1, 0, 0
0, 0, 0, 0, 0, 1, 0, 0
6, 0, 0, 3, 0, 2, 0, 0
2, 0, 0, 1, 0, 1, 0, 0
0, 0, 0, 0, 0, 1, 0, 0
6, 0, 0, 3, 0, 2, 0, 0
2, 0, 0, 1, 0, 1, 0, 0
0, 0, 0, 0, 0, 1, 0, 0
6, 0, 0, 3, 0, 2, 0, 0
2, 0, 0, 1, 0, 1, 0, 0
0, 0, 0, 0, 0, 1, 0, 0
6, 0, 0, 3, 0, 2, 0, 0
2, 0, 0, 1, 0, 1, 0, 0
0, 0, 0, 0, 0, 1, 0, 0
0, 0, 0, 0, 0, 3, 0, 0
2, 0, 0, 1, 0, 1, 0, 0
6, 0, 0, 3, 0, 2, 0, 0
2, 0, 0, 1, 0, 1, 0, 0
0, 0, 0, 0, 0, 1, 0, 0
6, 0, 0, 3, 0, 2, 0, 0
2, 0, 0, 1, 0, 1, 0, 0
0, 0, 0, 0, 0, 1, 0, 0
6, 0, 0, 3, 0, 2, 0, 0
2, 0, 0, 1, 0, 1, 0, 0
0, 0, 0, 0, 0, 1, 0, 0
6, 0, 0, 3, 0, 2, 0, 0
2, 0, 0, 1, 0, 1, 0, 0
0, 0, 0, 0, 0, 1, 0, 0
6, 0, 0, 3, 0, 2, 0, 0
2, 0, 0, 1, 0, 1, 0, 0
0, 0, 0, 0, 0, 1, 0, 0
8, 0, 0, 4, 0, 4, 0, 0
4, 0, 0, 2, 0, 2, 0, 0
0, 0, 0, 0, 0, 2, 0, 0
6, 0, 0, 3, 0, 2, 0, 0
2, 0, 0, 1, 0, 1, 0, 0
0, 0, 0, 0, 0, 1, 0, 0
4, 0, 0, 2, 0, 0, 0, 0
0, 0, 0, 0, 0, 0, 0, 0
6, 0, 0, 3, 0, 2, 0, 0
2, 0, 0, 1, 0, 1, 0, 0
6, 0, 0, 3, 0, 2, 0, 0
2, 0, 0, 1, 0, 1, 0, 0
8, 0, 0, 4, 0, 4, 0, 0
2, 0, 0, 1, 0, 2, 0, 0
4, 0, 0, 2, 0, 1, 0, 0
22, 0, 0, 10, 0, 0, 0, 0
2, 0, 0, 1, 0, 0, 0, 0
2, 0, 0, 1, 0, 0, 0, 0
22, 0, 1, 10, 0, 0, 0, 0
16, 0, 2, 8, 0, 0, 0, 0
10, 0, 1, 5, 0, 0, 0, 0
0, 0, 0, 0, 0, 0, 0, 0
0, 0, 0, 0, 0, 0, 0, 0
0, 0, 0, 0, 0, 0, 0, 0
18, 0, 0, 6, 0, 0, 0, 0
0, 0, 0, 0, 0, 0, 0, 0
4, 0, 0, 1, 0, 0, 0, 0
10, 0, 0, 4, 1, 5, 0, 0
2, 0, 0, 1, 0, 1, 0, 0
0, 0, 0, 0, 0, 0, 0, 0
0, 0, 0, 0, 0, 0, 0, 0
0, 0, 0, 0, 0, 0, 0, 0
6, 0, 0, 2, 0, 0, 0, 0
0, 0, 0, 0, 0, 0, 0, 0
2, 0, 0, 1, 0, 0, 0, 0
10, 0, 0, 4, 0, 0, 0, 0
0, 0, 0, 0, 0, 0, 0, 0
42, 0, 0, 16, 0, 3, 0, 0
6, 0, 0, 3, 0, 2, 0, 0
2, 0, 0, 1, 0, 1, 0, 0
8, 0, 0, 4, 0, 4, 0, 0
4, 0, 0, 2, 0, 2, 0, 0
0, 0, 0, 0, 0, 0, 0, 0
6, 0, 0, 2, 0, 0, 0, 0
8, 0, 0, 4, 0, 3, 0, 0
4, 0, 0, 2, 0, 2, 0, 0
2, 0, 0, 1, 0, 3, 0, 0
2, 0, 0, 1, 0, 0, 0, 0
8, 0, 0, 3, 0, 2, 0, 0
342, 3, 0, 140, 28, 125, 0, 4
2, 0, 0, 1, 0, 0, 0, 0
2, 0, 0, 1, 0, 0, 0, 0
0, 0, 0, 0, 0, 0, 0, 0
0, 0, 0, 0, 0, 0, 0, 0
6, 0, 0, 3, 0, 0, 0, 0
0, 0, 0, 0, 0, 0, 0, 0
6, 0, 0, 2, 0, 0, 0, 0
6, 0, 0, 3, 0, 1, 0, 0
8, 0, 0, 4, 0, 3, 0, 0
4, 0, 0, 2, 0, 2, 0, 0
18, 0, 0, 9, 0, 4, 0, 0
2, 0, 0, 1, 0, 0, 0, 0
8, 0, 0, 4, 0, 0, 0, 0
8, 0, 0, 4, 0, 1, 0, 0
10, 0, 0, 5, 0, 2, 0, 0
18, 0, 0, 7, 0, 2, 0, 0
44, 0, 0, 17, 0, 5, 0, 0
2, 0, 0, 1, 0, 0, 0, 0
8, 0, 0, 3, 0, 2, 0, 1
4, 0, 0, 2, 0, 1, 0, 0
16, 0, 0, 7, 0, 1, 0, 0
2, 0, 0, 1, 0, 0, 0, 0
6, 0, 0, 3, 0, 0, 0, 0
20, 0, 0, 9, 0, 1, 0, 0
2, 0, 0, 1, 0, 0, 0, 0
12, 0, 0, 6, 0, 2, 0, 0
8, 0, 0, 4, 2, 3, 0, 0
16, 0, 0, 6, 0, 3, 0, 0
20, 0, 0, 7, 1, 2, 0, 0
2, 0, 0, 1, 0, 0, 0, 0
28, 0, 0, 11, 3, 11, 0, 0
2, 0, 0, 1, 0, 0, 0, 0
0, 0, 0, 0, 0, 0, 0, 0
12, 0, 0, 4, 1, 0, 0, 0
4, 0, 0, 2, 0, 1, 0, 0
4, 0, 0, 2, 0, 1, 0, 0
6, 0, 0, 3, 0, 2, 0, 0
8, 0, 0, 4, 0, 3, 0, 0
0, 0, 0, 0, 0, 0, 0, 0
2, 0, 0, 1, 0, 0, 0, 0
8, 0, 0, 3, 0, 0, 0, 0
22, 0, 0, 8, 0, 1, 0, 0
2, 0, 0, 1, 0, 1, 0, 0
8, 0, 0, 4, 0, 0, 0, 1
24, 0, 0, 11, 0, 1, 0, 1
0, 0, 0, 0, 0, 0, 0, 0
8, 0, 0, 4, 0, 2, 0, 1
2, 0, 0, 1, 0, 0, 0, 0
0, 0, 0, 0, 0, 0, 0, 0
2, 0, 0, 1, 0, 0, 0, 0
0, 0, 0, 0, 0, 0, 0, 0
6, 0, 0, 2, 0, 0, 0, 0
6, 0, 0, 2, 1, 3, 0, 0
4, 0, 0, 2, 0, 2, 0, 0
2, 0, 0, 1, 0, 0, 0, 0
4, 0, 0, 2, 2, 2, 0, 0
18, 0, 0, 7, 2, 4, 0, 0
2, 0, 0, 1, 1, 1, 0, 0
14, 0, 0, 5, 1, 3, 0, 0
18, 0, 0, 9, 0, 9, 0, 0
2, 0, 0, 1, 0, 0, 0, 0
2, 0, 0, 1, 0, 0, 0, 0
2, 0, 0, 1, 0, 0, 0, 0
6, 0, 0, 3, 0, 1, 0, 0
0, 0, 0, 0, 0, 0, 0, 0
16, 0, 0, 6, 2, 7, 0, 0
8, 0, 0, 4, 0, 5, 0, 0
2, 0, 0, 1, 1, 1, 0, 0
8, 0, 0, 4, 0, 5, 0, 0
0, 0, 0, 0, 0, 0, 0, 0
4, 0, 0, 2, 0, 2, 0, 0
4, 0, 0, 2, 2, 2, 0, 0
18, 0, 0, 7, 2, 4, 0, 0
2, 0, 0, 1, 1, 1, 0, 0
14, 0, 0, 5, 1, 3, 0, 0
2, 0, 0, 1, 0, 1, 0, 0
92, 0, 0, 32, 7, 17, 0, 1
2, 1, 0, 1, 0, 0, 0, 0
0, 1, 0, 0, 0, 0, 0, 0
24, 0, 0, 2, 3, 13, 0, 1
24, 0, 0, 2, 3, 13, 0, 2
2, 1, 0, 0, 0, 1, 0, 0
0, 0, 0, 0, 0, 0, 0, 0
4, 1, 0, 0, 0, 1, 0, 0
10, 0, 0, 3, 0, 2, 0, 0
22, 2, 0, 0, 0, 10, 0, 1
4, 1, 0, 0, 0, 1, 0, 0
0, 0, 0, 0, 0, 0, 0, 0
10, 0, 0, 2, 0, 2, 0, 0
2, 0, 0, 1, 0, 1, 0, 0
0, 0, 0, 0, 0, 0, 0, 0
4, 0, 0, 2, 0, 0, 0, 0
4, 0, 0, 0, 0, 0, 0, 1
0, 0, 0, 0, 0, 0, 0, 0
0, 0, 0, 0, 0, 0, 0, 0
0, 0, 0, 0, 0, 0, 0, 0
2, 0, 0, 0, 0, 0, 0, 0
24, 0, 0, 3, 3, 6, 0, 0
0, 0, 0, 0, 0, 0, 0, 0
14, 0, 0, 2, 0, 9, 0, 1
0, 0, 0, 0, 0, 0, 0, 0
30, 1, 0, 3, 0, 10, 0, 1
8, 1, 0, 0, 0, 1, 0, 0
4, 1, 0, 0, 0, 1, 0, 0
0, 0, 0, 0, 0, 0, 0, 0
0, 0, 0, 0, 0, 0, 0, 0
14, 0, 0, 6, 0, 12, 0, 0
20, 0, 0, 5, 0, 13, 0, 2
4, 0, 0, 2, 0, 4, 0, 0
22, 0, 0, 8, 0, 12, 0, 0
4, 0, 0, 2, 0, 4, 0, 1
6, 0, 0, 3, 0, 2, 0, 0
2, 0, 0, 1, 0, 1, 0, 1
0, 0, 0, 0, 0, 0, 0, 0
0, 0, 0, 0, 0, 0, 0, 0
8, 0, 0, 2, 0, 0, 0, 0
2, 0, 0, 1, 0, 0, 0, 0
8, 0, 0, 2, 0, 0, 0, 0
30, 0, 0, 9, 0, 1, 0, 0
2, 0, 0, 1, 0, 0, 0, 0
2, 0, 0, 1, 0, 1, 0, 0
4, 0, 0, 1, 0, 1, 0, 0
32, 1, 0, 3, 0, 17, 0, 1
70, 2, 0, 8, 0, 32, 0, 1
0, 0, 0, 0, 0, 0, 0, 0
0, 0, 0, 0, 0, 0, 0, 0
4, 0, 0, 0, 0, 1, 0, 0
2, 0, 0, 1, 0, 0, 0, 1
0, 0, 0, 0, 0, 0, 0, 0
0, 0, 0, 0, 0, 0, 0, 0
6, 0, 0, 2, 0, 2, 0, 0
2, 0, 0, 1, 0, 0, 0, 1
2, 0, 0, 1, 0, 0, 0, 1
4, 0, 0, 2, 0, 0, 0, 0
54, 1, 0, 0, 1, 8, 0, 1
185, 2, 0, 22, 12, 70, 0, 10
54, 1, 0, 0, 1, 8, 0, 1
58, 1, 0, 3, 1, 8, 0, 1
231, 2, 0, 47, 12, 74, 0, 13
233, 2, 0, 47, 12, 74, 0, 13
0, 0, 0, 0, 0, 3, 0, 0
16, 0, 0, 2, 0, 8, 0, 0
12, 0, 0, 5, 0, 3, 0, 0
16, 0, 0, 6, 0, 4, 0, 0
2, 0, 0, 0, 0, 0, 0, 0
16, 0, 0, 7, 3, 2, 0, 4
16, 0, 0, 1, 3, 6, 0, 2
12, 0, 0, 0, 2, 7, 0, 1
100, 0, 0, 19, 16, 29, 0, 14
40, 0, 0, 11, 5, 16, 0, 2
2, 0, 0, 1, 0, 0, 0, 0
36, 0, 0, 10, 2, 15, 0, 2
10, 0, 0, 4, 0, 1, 0, 0
108, 0, 0, 33, 3, 27, 0, 4
2, 0, 0, 1, 0, 0, 0, 0
4, 0, 0, 2, 0, 3, 0, 0
4, 0, 0, 1, 0, 1, 0, 0
4, 0, 0, 2, 0, 4, 0, 1
4, 0, 0, 2, 0, 4, 0, 1
12, 0, 0, 5, 0, 4, 0, 1
20, 0, 0, 5, 0, 12, 0, 2
4, 0, 0, 2, 0, 3, 0, 1
0, 0, 0, 0, 0, 0, 0, 0
4, 1, 0, 2, 0, 0, 0, 0
0, 0, 0, 0, 0, 0, 0, 0
0, 0, 0, 0, 0, 0, 0, 0
2, 0, 0, 1, 0, 0, 0, 0
2, 0, 0, 1, 0, 0, 0, 0
0, 0, 0, 0, 0, 0, 0, 0
4, 0, 0, 1, 0, 0, 0, 0
6, 0, 0, 3, 0, 0, 0, 1
0, 0, 0, 0, 0, 0, 0, 0
0, 0, 0, 0, 0, 0, 0, 0
10, 0, 0, 2, 0, 0, 0, 0
26, 0, 0, 6, 0, 0, 0, 0
0, 0, 0, 0, 0, 0, 0, 0
0, 0, 0, 0, 0, 0, 0, 0
2, 0, 0, 1, 0, 0, 0, 0
6, 0, 0, 3, 0, 0, 0, 1
4, 0, 0, 2, 0, 0, 0, 0
4, 0, 0, 2, 0, 0, 0, 0
8, 0, 0, 3, 0, 3, 0, 0
2, 0, 0, 1, 0, 1, 0, 1
0, 0, 0, 0, 0, 0, 0, 0
0, 0, 0, 0, 0, 0, 0, 0
8, 0, 0, 2, 0, 0, 0, 0
2, 0, 0, 1, 0, 0, 0, 0
8, 0, 0, 2, 0, 0, 0, 0
30, 0, 0, 9, 0, 1, 0, 0
4, 0, 0, 1, 0, 1, 0, 0
2, 1, 0, 1, 2, 1, 0, 0
38, 1, 0, 7, 4, 16, 0, 0
18, 0, 0, 7, 0, 9, 0, 0
256, 2, 0, 39, 18, 109, 0, 13
2, 0, 0, 1, 0, 0, 0, 0
2, 0, 0, 1, 1, 1, 0, 0
2, 0, 0, 1, 3, 1, 0, 0
24, 0, 0, 10, 3, 10, 0, 0
0, 0, 0, 0, 1, 0, 0, 0
2, 0, 0, 1, 0, 0, 0, 0
40, 1, 0, 6, 2, 16, 0, 5
2, 0, 0, 1, 0, 0, 0, 0
2, 0, 0, 1, 0, 0, 0, 0
102, 2, 0, 20, 4, 31, 0, 6
0, 0, 0, 0, 0, 0, 0, 0
4, 0, 0, 1, 0, 0, 0, 0
56, 1, 0, 8, 2, 19, 0, 5
6, 0, 0, 2, 0, 0, 0, 0
10, 0, 0, 4, 0, 0, 0, 0
6, 0, 0, 1, 0, 0, 0, 1
18, 0, 0, 4, 0, 0, 0, 2
6, 0, 0, 0, 0, 7, 0, 0
8, 0, 0, 1, 0, 7, 0, 0
4, 0, 0, 0, 0, 0, 0, 1
4, 0, 0, 0, 0, 0, 0, 1
8, 0, 0, 2, 0, 1, 0, 1
66, 0, 0, 12, 0, 16, 0, 6
4, 0, 0, 0, 0, 0, 0, 1
14, 0, 0, 3, 0, 9, 0, 0
6, 0, 0, 1, 0, 0, 0, 1
62, 0, 0, 12, 0, 16, 0, 4
268, 0, 0, 52, 0, 64, 0, 20
2, 0, 0, 1, 0, 0, 0, 0
10, 0, 0, 4, 0, 0, 0, 0
4, 0, 0, 0, 0, 0, 0, 1
8, 0, 0, 0, 0, 8, 0, 0
10, 0, 0, 1, 0, 12, 0, 0
8, 0, 0, 1, 0, 7, 0, 0
2, 1, 0, 1, 0, 0, 0, 0
56, 1, 0, 10, 0, 39, 0, 0
6, 0, 0, 0, 0, 7, 0, 0
168, 2, 0, 26, 0, 106, 0, 2
2, 0, 0, 1, 0, 0, 0, 0
2, 0, 0, 1, 0, 0, 0, 0
18, 0, 0, 7, 0, 0, 0, 0
0, 0, 0, 0, 0, 0, 0, 0
0, 0, 0, 0, 0, 0, 0, 0
2, 1, 0, 1, 0, 0, 0, 0
24, 1, 0, 7, 0, 0, 0, 1
10, 0, 0, 1, 0, 12, 0, 0
26, 0, 0, 4, 0, 24, 0, 0
4, 0, 0, 2, 0, 0, 0, 0
0, 0, 0, 0, 0, 0, 0, 0
0, 0, 0, 0, 0, 0, 0, 0
2, 0, 0, 1, 0, 0, 0, 0
18, 0, 0, 6, 0, 0, 0, 0
0, 0, 0, 0, 0, 0, 0, 0
50, 0, 0, 17, 0, 0, 0, 0
2, 0, 0, 1, 0, 0, 0, 0
14, 0, 0, 6, 0, 0, 0, 0
6, 0, 0, 3, 0, 0, 0, 0
2, 0, 0, 1, 0, 0, 0, 0
0, 0, 0, 0, 0, 0, 0, 0
0, 0, 0, 0, 0, 0, 0, 0
4, 0, 0, 1, 0, 0, 0, 0
2, 0, 0, 0, 0, 1, 0, 0
8, 0, 0, 3, 0, 3, 0, 0
2, 0, 0, 1, 0, 1, 0, 0
2, 0, 0, 1, 0, 1, 0, 0
2, 0, 0, 1, 0, 1, 0, 0
10, 0, 0, 4, 0, 0, 0, 0
6, 0, 0, 3, 0, 2, 0, 0
18, 1, 0, 6, 0, 0, 0, 0
2, 0, 0, 1, 0, 0, 0, 0
2, 0, 0, 1, 0, 0, 0, 0
0, 0, 0, 0, 0, 3, 0, 1
0, 0, 0, 0, 1, 4, 0, 0
2, 0, 0, 0, 3, 4, 0, 0
78, 1, 0, 16, 7, 37, 0, 7
2, 1, 0, 1, 0, 0, 0, 0
4, 0, 0, 2, 0, 0, 0, 0
4, 0, 0, 0, 0, 0, 0, 1
0, 0, 0, 0, 0, 0, 0, 0
0, 0, 0, 0, 0, 0, 0, 0
2, 0, 0, 0, 0, 0, 0, 0
24, 0, 0, 3, 3, 6, 0, 0
0, 0, 0, 0, 0, 0, 0, 0
14, 0, 0, 2, 0, 9, 0, 1
30, 1, 0, 3, 0, 10, 0, 1
8, 1, 0, 0, 0, 1, 0, 0
4, 1, 0, 0, 0, 1, 0, 0
0, 0, 0, 0, 0, 0, 0, 0
0, 0, 0, 0, 0, 3, 0, 0
0, 0, 0, 0, 0, 1, 0, 0
48, 0, 0, 10, 0, 2, 0, 0
4, 0, 0, 2, 0, 1, 0, 1
64, 0, 0, 8, 4, 23, 0, 8
0, 0, 0, 0, 0, 0, 0, 1
8, 0, 0, 3, 0, 5, 0, 0
0, 0, 0, 0, 0, 0, 0, 0
8, 0, 0, 3, 0, 4, 0, 0
2, 0, 0, 1, 0, 1, 0, 0
8, 0, 0, 3, 0, 4, 0, 0
12, 0, 0, 5, 0, 8, 0, 0
0, 0, 0, 0, 0, 0, 0, 0
4, 0, 0, 0, 0, 0, 0, 1
2, 0, 0, 1, 0, 0, 0, 0
42, 4, 0, 7, 4, 23, 0, 26
6, 0, 0, 1, 0, 1, 0, 1
2, 0, 0, 1, 1, 1, 0, 1
2, 0, 0, 1, 0, 1, 0, 0
4, 0, 0, 2, 0, 1, 0, 0
2, 0, 0, 1, 0, 1, 0, 0
4, 0, 0, 2, 0, 1, 0, 0
4, 0, 0, 2, 0, 0, 0, 0
4, 0, 1, 2, 1, 2, 0, 0
2, 0, 0, 1, 0, 0, 0, 0
2, 0, 1, 1, 0, 2, 0, 0
2, 0, 0, 1, 0, 0, 0, 0
0, 0, 0, 0, 0, 0, 0, 2
18, 1, 0, 8, 0, 0, 0, 0
20, 0, 0, 7, 0, 13, 0, 2
4, 0, 0, 2, 0, 4, 0, 1
2, 0, 0, 1, 0, 1, 0, 1
0, 0, 0, 0, 0, 0, 0, 0
0, 0, 0, 0, 0, 0, 0, 0
8, 0, 0, 2, 0, 0, 0, 0
2, 0, 0, 1, 0, 0, 0, 0
8, 0, 0, 2, 0, 0, 0, 0
30, 0, 0, 9, 0, 1, 0, 0
2, 0, 0, 1, 0, 0, 0, 0
4, 0, 0, 2, 0, 1, 0, 0
42, 1, 0, 2, 1, 6, 0, 0
4, 0, 0, 2, 0, 1, 0, 0
58, 1, 0, 8, 1, 10, 0, 0
2, 0, 0, 1, 0, 0, 0, 0
2, 0, 0, 1, 0, 0, 0, 0
2, 0, 0, 1, 0, 1, 0, 0
10, 0, 0, 4, 0, 3, 0, 0
10, 0, 0, 4, 0, 3, 0, 0
10, 0, 0, 4, 0, 3, 0, 0
2, 0, 0, 1, 0, 0, 0, 0
2, 0, 0, 1, 0, 0, 0, 0
2, 0, 0, 1, 0, 0, 0, 0
0, 0, 0, 0, 0, 0, 0, 1
2, 0, 0, 1, 0, 0, 0, 0
0, 0, 0, 0, 0, 0, 0, 1
2, 0, 0, 1, 0, 0, 0, 0
2, 0, 0, 1, 0, 0, 0, 0
2, 0, 0, 1, 0, 0, 0, 0
2, 0, 0, 1, 0, 0, 0, 0
2, 0, 0, 1, 0, 0, 0, 0
6, 0, 0, 3, 0, 0, 0, 0
2, 0, 0, 1, 0, 0, 0, 0
22, 0, 0, 8, 0, 1, 0, 0
24, 0, 0, 11, 0, 1, 0, 1
6, 0, 0, 3, 0, 1, 0, 0
24, 0, 0, 11, 0, 1, 0, 1
2, 0, 0, 1, 0, 1, 0, 0
38, 2, 1, 7, 13, 34, 0, 11
38, 4, 0, 7, 4, 24, 0, 19
4, 0, 0, 2, 0, 0, 0, 0
4, 0, 0, 2, 0, 0, 0, 0
2, 0, 0, 1, 0, 0, 0, 0
4, 0, 0, 2, 0, 0, 0, 0
4, 0, 0, 2, 0, 0, 0, 0
2, 0, 0, 1, 0, 0, 0, 0
8, 0, 0, 4, 2, 4, 0, 0
54, 1, 0, 0, 1, 8, 0, 1
54, 1, 0, 0, 1, 8, 0, 1
197, 2, 0, 50, 10, 59, 0, 13
0, 0, 0, 0, 0, 3, 0, 0
2, 0, 0, 1, 0, 0, 0, 0
4, 0, 0, 2, 0, 3, 0, 0
4, 0, 0, 2, 0, 4, 0, 1
4, 0, 0, 2, 0, 4, 0, 1
12, 0, 0, 5, 0, 4, 0, 1
20, 0, 0, 7, 0, 12, 0, 2
4, 0, 0, 2, 0, 3, 0, 1
0, 0, 0, 0, 0, 0, 0, 0
4, 1, 0, 2, 0, 0, 0, 0
0, 0, 0, 0, 0, 0, 0, 0
0, 0, 0, 0, 0, 0, 0, 0
2, 0, 0, 1, 0, 0, 0, 0
2, 0, 0, 1, 0, 0, 0, 0
0, 0, 0, 0, 0, 0, 0, 0
4, 0, 0, 1, 0, 0, 0, 0
6, 0, 0, 3, 0, 0, 0, 1
0, 0, 0, 0, 0, 0, 0, 0
0, 0, 0, 0, 0, 0, 0, 0
10, 0, 0, 2, 0, 0, 0, 0
26, 0, 0, 6, 0, 0, 0, 0
0, 0, 0, 0, 0, 0, 0, 0
0, 0, 0, 0, 0, 0, 0, 0
2, 0, 0, 1, 0, 0, 0, 0
6, 0, 0, 3, 0, 0, 0, 1
4, 0, 0, 2, 0, 0, 0, 0
4, 0, 0, 2, 0, 0, 0, 0
8, 0, 0, 3, 0, 3, 0, 0
2, 0, 0, 1, 0, 1, 0, 1
0, 0, 0, 0, 0, 0, 0, 0
0, 0, 0, 0, 0, 0, 0, 0
8, 0, 0, 2, 0, 0, 0, 0
2, 0, 0, 1, 0, 0, 0, 0
8, 0, 0, 2, 0, 0, 0, 0
30, 0, 0, 9, 0, 1, 0, 0
2, 0, 0, 1, 0, 0, 0, 0
0, 0, 0, 0, 0, 0, 0, 0
0, 0, 0, 0, 0, 0, 0, 1
4, 0, 0, 2, 0, 1, 0, 1
6, 0, 0, 3, 0, 2, 0, 0
2, 0, 0, 1, 0, 0, 0, 0
2, 0, 0, 1, 0, 1, 0, 0
0, 0, 0, 0, 0, 2, 0, 0
2, 0, 0, 1, 0, 0, 0, 0
12, 0, 0, 5, 0, 0, 0, 3
0, 0, 0, 0, 0, 2, 0, 0
0, 0, 0, 0, 0, 1, 0, 0
0, 0, 0, 0, 0, 0, 0, 0
6, 0, 0, 1, 0, 0, 0, 1
18, 0, 0, 4, 0, 0, 0, 2
30, 1, 0, 4, 0, 17, 0, 1
66, 2, 0, 10, 0, 32, 0, 1
6, 0, 0, 0, 0, 7, 0, 0
8, 0, 0, 1, 0, 7, 0, 0
4, 0, 0, 0, 0, 0, 0, 1
4, 0, 0, 0, 0, 0, 0, 1
8, 0, 0, 2, 0, 1, 0, 1
66, 0, 0, 12, 0, 16, 0, 6
4, 0, 0, 0, 0, 0, 0, 1
14, 0, 0, 3, 0, 9, 0, 0
6, 0, 0, 1, 0, 0, 0, 1
62, 0, 0, 12, 0, 16, 0, 4
268, 0, 0, 52, 0, 64, 0, 20
2, 0, 0, 1, 0, 0, 0, 0
10, 0, 0, 4, 0, 0, 0, 0
4, 0, 0, 0, 0, 0, 0, 1
8, 0, 0, 0, 0, 8, 0, 0
10, 0, 0, 1, 0, 12, 0, 0
8, 0, 0, 1, 0, 7, 0, 0
2, 1, 0, 1, 0, 0, 0, 0
56, 1, 0, 10, 0, 39, 0, 0
6, 0, 0, 0, 0, 7, 0, 0
168, 2, 0, 26, 0, 106, 0, 2
2, 0, 0, 1, 0, 0, 0, 0
2, 0, 0, 1, 0, 0, 0, 0
18, 0, 0, 7, 0, 0, 0, 0
0, 0, 0, 0, 0, 0, 0, 0
0, 0, 0, 0, 0, 0, 0, 0
2, 1, 0, 1, 0, 0, 0, 0
24, 1, 0, 7, 0, 0, 0, 1
10, 0, 0, 1, 0, 12, 0, 0
26, 0, 0, 4, 0, 24, 0, 0
4, 0, 0, 2, 0, 0, 0, 0
0, 0, 0, 0, 0, 0, 0, 0
0, 0, 0, 0, 0, 0, 0, 0
2, 0, 0, 1, 0, 0, 0, 0
18, 0, 0, 6, 0, 0, 0, 0
0, 0, 0, 0, 0, 0, 0, 0
50, 0, 0, 17, 0, 0, 0, 0
2, 0, 0, 1, 0, 0, 0, 0
14, 0, 0, 6, 0, 0, 0, 0
6, 0, 0, 3, 0, 0, 0, 0
2, 0, 0, 1, 0, 0, 0, 0
0, 0, 0, 0, 0, 0, 0, 0
0, 0, 0, 0, 0, 0, 0, 0
4, 0, 0, 1, 0, 0, 0, 0
2, 0, 0, 1, 0, 0, 0, 0
18, 1, 0, 8, 0, 0, 0, 0
0, 0, 0, 0, 0, 0, 0, 0
0, 0, 0, 0, 0, 0, 0, 1
0, 0, 0, 0, 0, 0, 0, 1
2, 0, 0, 1, 1, 0, 0, 0
0, 1, 0, 0, 0, 0, 0, 0
6, 0, 0, 2, 0, 3, 0, 0
4, 0, 0, 1, 0, 3, 0, 0
4, 0, 0, 1, 0, 2, 0, 0
4, 0, 0, 1, 0, 0, 0, 0
4, 0, 0, 1, 0, 2, 0, 0
4, 0, 0, 1, 0, 2, 0, 0
2, 0, 0, 1, 0, 0, 0, 0
4, 0, 0, 1, 0, 2, 0, 0
0, 0, 0, 0, 0, 0, 0, 0
0, 0, 0, 0, 0, 4, 0, 0
0, 0, 0, 0, 0, 0, 0, 0
2, 0, 0, 1, 0, 0, 0, 0
0, 0, 0, 0, 0, 0, 0, 0
4, 0, 0, 0, 0, 0, 0, 0
112, 4, 0, 19, 11, 37, 0, 1
0, 0, 0, 0, 0, 0, 0, 0
2, 0, 0, 1, 0, 0, 0, 0
0, 0, 0, 0, 0, 1, 0, 0
0, 0, 0, 0, 0, 0, 0, 0
2, 0, 0, 1, 0, 0, 0, 0
4, 0, 0, 2, 0, 0, 0, 0
346, 15, 0, 93, 1, 56, 0, 6
0, 0, 0, 0, 0, 0, 0, 1
4, 0, 0, 2, 0, 1, 0, 1
2, 0, 0, 1, 0, 1, 0, 1
130, 0, 0, 52, 0, 15, 0, 13
0, 0, 0, 0, 0, 0, 0, 0
2, 0, 0, 1, 0, 0, 0, 0
82, 2, 0, 21, 5, 16, 0, 0
0, 0, 0, 0, 0, 5, 0, 0
2, 0, 0, 1, 0, 0, 0, 0
2, 0, 0, 0, 0, 0, 0, 0
0, 0, 0, 0, 0, 0, 0, 0
228, 7, 0, 64, 5, 28, 0, 2
2, 0, 0, 0, 0, 0, 0, 0
0, 0, 0, 0, 0, 0, 0, 0
6, 0, 0, 2, 1, 3, 0, 0
0, 0, 0, 0, 0, 0, 0, 1
4, 0, 0, 1, 1, 5, 0, 0
2, 0, 0, 1, 0, 0, 0, 0
0, 0, 0, 0, 0, 1, 0, 0
16, 0, 0, 7, 0, 4, 0, 0
0, 0, 0, 0, 0, 0, 0, 0
0, 0, 0, 0, 0, 0, 0, 1
0, 0, 0, 0, 0, 0, 0, 1
0, 0, 0, 0, 0, 0, 0, 1
2, 0, 0, 0, 0, 1, 0, 0
0, 0, 0, 0, 0, 0, 0, 0
0, 0, 0, 0, 0, 2, 0, 0
0, 0, 0, 0, 0, 1, 0, 0
0, 0, 0, 0, 0, 0, 0, 0
0, 0, 0, 0, 0, 2, 0, 0
2, 1, 0, 1, 0, 0, 0, 0
0, 0, 0, 0, 0, 0, 0, 0
0, 0, 0, 0, 0, 0, 0, 0
14, 0, 0, 5, 0, 0, 0, 0
0, 0, 0, 0, 0, 0, 0, 0
2, 0, 0, 0, 0, 0, 0, 1
0, 0, 0, 0, 0, 0, 0, 0
2, 0, 0, 1, 0, 1, 0, 0
8, 0, 0, 1, 0, 1, 0, 3
9970, 40, 2, 787, 1162, 3800, 0, 1191
9966, 40, 2, 785, 1162, 3800, 0, 1191
80, 2, 0, 19, 5, 16, 0, 0
0, 0, 0, 0, 0, 0, 0, 1
0, 0, 0, 0, 0, 0, 0, 0
0, 0, 0, 0, 0, 0, 0, 0
2, 0, 0, 1, 0, 1, 0, 0
8, 0, 0, 3, 0, 1, 0, 0
80, 2, 0, 19, 5, 16, 0, 0
0, 0, 0, 0, 0, 0, 0, 0
8, 0, 0, 4, 0, 0, 0, 0
2, 0, 0, 1, 0, 0, 0, 0
2, 0, 0, 1, 0, 0, 0, 0
18, 0, 0, 8, 0, 0, 0, 0
4, 0, 0, 1, 0, 1, 0, 0
2, 0, 0, 1, 0, 0, 0, 0
2, 0, 0, 1, 0, 0, 0, 0
2, 0, 0, 1, 0, 0, 0, 0
2, 0, 0, 1, 0, 0, 0, 0
176, 7, 0, 48, 0, 16, 0, 0
2, 0, 0, 1, 0, 0, 0, 0
4, 0, 0, 2, 0, 0, 0, 0
4, 0, 0, 1, 0, 0, 0, 0
0, 0, 0, 0, 0, 0, 0, 0
130, 0, 0, 52, 0, 15, 0, 13
2, 0, 0, 1, 0, 2, 0, 0
2, 0, 0, 1, 0, 1, 0, 0
0, 0, 0, 0, 0, 1, 0, 0
0, 0, 0, 0, 0, 0, 0, 1
0, 0, 0, 0, 0, 0, 0, 0
0, 0, 0, 0, 0, 3, 0, 0
2, 0, 0, 1, 0, 0, 0, 0
0, 0, 0, 0, 0, 2, 0, 0
0, 0, 0, 0, 0, 0, 0, 0
14, 0, 0, 6, 1, 0, 0, 0
2, 0, 0, 1, 0, 0, 0, 0
0, 0, 0, 0, 0, 5, 0, 0
12, 0, 0, 5, 1, 2, 0, 0
8, 0, 0, 3, 0, 0, 0, 0
8, 0, 0, 3, 0, 0, 0, 0
8, 0, 0, 3, 0, 0, 0, 0
20, 0, 0, 8, 2, 4, 0, 0
10, 0, 0, 4, 0, 3, 0, 0
10, 0, 0, 4, 0, 3, 0, 0
10, 0, 0, 4, 0, 3, 0, 0
2, 0, 0, 1, 0, 6, 0, 0
2, 0, 0, 1, 0, 0, 0, 0
2, 0, 0, 1, 0, 0, 0, 0
2, 0, 0, 1, 0, 0, 0, 0
2, 0, 0, 1, 0, 0, 0, 0
2, 0, 0, 1, 0, 0, 0, 0
2, 0, 0, 1, 0, 0, 0, 0
2, 0, 0, 1, 0, 0, 0, 0
0, 0, 0, 0, 0, 3, 0, 0
0, 0, 0, 0, 0, 4, 0, 0
2, 0, 0, 1, 0, 0, 0, 0
2, 0, 0, 1, 0, 1, 0, 0
76, 0, 0, 32, 0, 8, 0, 3
0, 0, 0, 0, 0, 0, 0, 0
102, 0, 1, 41, 5, 10, 0, 0
0, 0, 0, 0, 1, 0, 0, 0
2, 1, 0, 1, 0, 5, 0, 1
0, 0, 0, 0, 0, 0, 0, 0
6, 0, 0, 3, 0, 0, 0, 0
2, 0, 0, 1, 0, 1, 0, 0
32, 0, 0, 10, 0, 13, 0, 0
2, 0, 0, 0, 0, 3, 0, 2
8, 0, 0, 2, 0, 0, 0, 0
16, 0, 0, 6, 0, 2, 0, 0
0, 0, 0, 0, 0, 0, 0, 0
0, 0, 0, 0, 0, 2, 0, 0
0, 0, 0, 0, 0, 2, 0, 0
2, 0, 0, 1, 0, 0, 0, 0
0, 0, 0, 0, 0, 0, 0, 0
4, 0, 0, 2, 0, 0, 0, 0
4, 0, 0, 2, 0, 0, 0, 1
4, 0, 0, 2, 0, 0, 0, 0
4, 0, 0, 2, 0, 0, 0, 0
0, 0, 0, 0, 0, 0, 0, 0
4, 0, 0, 2, 0, 0, 0, 0
4, 0, 0, 2, 0, 0, 0, 0
4, 0, 0, 2, 0, 0, 0, 1
4, 0, 0, 2, 0, 0, 0, 0
8, 0, 0, 4, 1, 0, 0, 0
4, 0, 0, 2, 0, 8, 0, 0
0, 0, 0, 0, 0, 0, 0, 0
0, 0, 0, 0, 0, 0, 0, 0
4, 0, 0, 2, 0, 0, 0, 1
4, 0, 0, 2, 0, 0, 0, 1
6, 0, 0, 3, 0, 0, 0, 0
0, 0, 0, 0, 0, 0, 0, 0
0, 0, 0, 0, 0, 0, 0, 0
70, 0, 0, 22, 0, 2, 0, 0
2, 0, 0, 1, 0, 0, 0, 0
0, 0, 0, 0, 0, 0, 0, 0
2, 0, 0, 1, 0, 0, 0, 0
0, 0, 0, 0, 0, 0, 0, 0
6, 0, 0, 2, 0, 0, 0, 0
0, 0, 0, 0, 0, 0, 0, 0
0, 0, 0, 0, 0, 0, 0, 0
2, 0, 0, 1, 0, 1, 0, 0
0, 0, 0, 0, 0, 4, 0, 0
4, 1, 0, 2, 0, 1, 0, 0
6, 0, 0, 3, 0, 3, 0, 1
0, 0, 0, 0, 0, 0, 0, 0
8, 0, 0, 3, 0, 2, 0, 0
4, 0, 0, 2, 0, 2, 0, 0
4, 0, 0, 2, 0, 2, 0, 0
10, 0, 0, 3, 0, 2, 0, 0
2, 0, 0, 1, 0, 0, 0, 0
0, 0, 0, 0, 0, 0, 0, 0
0, 0, 0, 0, 0, 0, 0, 1
0, 0, 0, 0, 0, 0, 0, 1
2, 0, 0, 1, 0, 0, 0, 0
0, 0, 0, 0, 0, 0, 0, 0
2, 0, 0, 1, 0, 0, 0, 0
2, 0, 0, 1, 0, 0, 0, 0
0, 0, 0, 0, 0, 0, 0, 0
0, 0, 0, 0, 0, 0, 0, 0
2, 0, 0, 1, 0, 0, 0, 0
0, 0, 0, 0, 1, 0, 0, 0
2, 0, 0, 1, 1, 0, 0, 1
14, 0, 0, 6, 0, 0, 0, 0
44, 0, 0, 22, 0, 2, 0, 0
22, 0, 0, 11, 0, 1, 0, 0
8, 0, 0, 4, 0, 0, 0, 0
0, 0, 0, 0, 0, 7, 0, 0
28, 0, 0, 9, 0, 6, 0, 1
0, 0, 0, 0, 0, 0, 0, 0
0, 0, 0, 0, 0, 5, 0, 0
4, 0, 0, 2, 0, 0, 0, 0
0, 0, 0, 0, 0, 0, 0, 0
0, 0, 0, 0, 0, 0, 0, 0
2, 0, 0, 1, 0, 0, 0, 0
2, 0, 0, 1, 0, 0, 0, 0
2, 0, 0, 1, 0, 0, 0, 0
2, 0, 0, 1, 0, 0, 0, 0
2, 0, 0, 1, 0, 0, 0, 0
2, 0, 0, 1, 0, 0, 0, 0
2, 0, 0, 1, 0, 0, 0, 0
2, 0, 0, 1, 0, 0, 0, 0
2, 0, 0, 1, 0, 0, 0, 0
2, 0, 0, 1, 0, 0, 0, 0
2, 0, 0, 1, 0, 0, 0, 0
2, 0, 0, 1, 0, 0, 0, 0
2, 0, 0, 1, 0, 0, 0, 0
2, 0, 0, 1, 0, 0, 0, 0
2, 0, 0, 1, 0, 0, 0, 0
2, 0, 0, 1, 0, 0, 0, 0
0, 0, 0, 0, 0, 0, 0, 1
2, 0, 0, 1, 0, 0, 0, 0
2, 0, 0, 1, 0, 0, 0, 0
0, 0, 0, 0, 0, 0, 0, 0
0, 0, 0, 0, 0, 0, 0, 0
2, 0, 0, 1, 0, 0, 0, 0
2, 0, 0, 1, 0, 0, 0, 0
0, 0, 0, 0, 0, 0, 0, 0
0, 0, 0, 0, 0, 0, 0, 0
6, 0, 0, 3, 0, 0, 0, 0
10, 1, 0, 4, 0, 0, 0, 0
10, 1, 0, 4, 0, 0, 0, 0
0, 0, 0, 0, 0, 6, 0, 0
0, 0, 0, 0, 0, 6, 0, 0
0, 0, 0, 0, 0, 0, 0, 1
0, 0, 0, 0, 0, 0, 0, 1
0, 0, 0, 0, 0, 0, 0, 1
18, 0, 0, 9, 0, 4, 0, 0
2, 0, 0, 1, 0, 0, 0, 0
8, 0, 0, 4, 0, 0, 0, 0
8, 0, 0, 4, 0, 1, 0, 0
10, 0, 0, 5, 0, 2, 0, 0
44, 0, 0, 17, 0, 5, 0, 0
2, 0, 0, 1, 0, 0, 0, 0
8, 0, 0, 3, 0, 2, 0, 1
4, 0, 0, 2, 0, 1, 0, 0
16, 0, 0, 7, 0, 1, 0, 0
2, 0, 0, 1, 0, 0, 0, 0
20, 0, 0, 9, 0, 1, 0, 0
2, 0, 0, 1, 0, 0, 0, 0
12, 0, 0, 6, 0, 2, 0, 0
8, 0, 0, 4, 2, 3, 0, 0
16, 0, 0, 6, 0, 3, 0, 0
20, 0, 0, 7, 1, 2, 0, 0
28, 0, 0, 11, 3, 11, 0, 0
12, 0, 0, 4, 1, 0, 0, 0
4, 0, 0, 2, 0, 1, 0, 0
4, 0, 0, 2, 0, 1, 0, 0
6, 0, 0, 3, 0, 2, 0, 0
8, 0, 0, 4, 0, 3, 0, 0
0, 0, 0, 0, 0, 0, 0, 0
2, 0, 0, 1, 0, 0, 0, 0
22, 0, 0, 8, 0, 1, 0, 0
2, 0, 0, 1, 0, 1, 0, 0
10, 1, 0, 4, 0, 0, 0, 0
0, 0, 0, 0, 0, 0, 0, 0
2, 0, 0, 1, 0, 0, 0, 0
14, 1, 0, 6, 0, 0, 0, 0
0, 0, 0, 0, 0, 4, 0, 0
2, 0, 0, 1, 0, 0, 0, 0
2, 0, 0, 1, 0, 0, 0, 0
2, 0, 0, 1, 0, 0, 0, 0
2, 0, 0, 1, 0, 0, 0, 0
6, 0, 0, 3, 0, 1, 0, 0
0, 0, 0, 0, 0, 0, 0, 0
16, 0, 0, 6, 2, 7, 0, 0
8, 0, 0, 4, 0, 5, 0, 0
2, 0, 0, 1, 1, 1, 0, 0
8, 0, 0, 4, 0, 5, 0, 0
10, 1, 0, 4, 0, 0, 0, 0
0, 0, 0, 0, 0, 4, 0, 0
0, 0, 0, 0, 0, 0, 0, 0
0, 0, 0, 0, 0, 0, 0, 1
0, 0, 0, 0, 0, 0, 0, 1
0, 0, 0, 0, 0, 0, 0, 1
0, 0, 0, 0, 0, 0, 0, 1
4, 0, 0, 1, 0, 0, 0, 1
92, 3, 0, 22, 7, 33, 0, 5
10, 1, 0, 5, 0, 0, 0, 1
0, 0, 0, 0, 0, 0, 0, 0
0, 0, 0, 0, 0, 0, 0, 0
2, 0, 0, 1, 0, 0, 0, 0
2, 0, 0, 1, 0, 0, 0, 0
6, 0, 0, 2, 0, 0, 0, 0
2, 0, 0, 1, 0, 0, 0, 0
2, 0, 0, 1, 0, 0, 0, 0
2, 0, 0, 1, 0, 0, 0, 0
2, 0, 0, 1, 0, 0, 0, 0
2, 0, 0, 1, 0, 0, 0, 0
2, 0, 0, 1, 0, 0, 0, 0
2, 0, 0, 1, 0, 0, 0, 0
2, 0, 0, 1, 0, 0, 0, 0
2, 0, 0, 1, 0, 0, 0, 0
0, 0, 0, 0, 0, 0, 0, 0
0, 0, 0, 0, 0, 0, 0, 0
26, 3, 0, 3, 5, 22, 0, 11
98, 7, 3, 17, 27, 93, 0, 38
26, 3, 0, 3, 5, 22, 0, 11
98, 7, 3, 17, 27, 93, 0, 38
26, 3, 0, 3, 5, 22, 0, 11
98, 7, 3, 17, 27, 93, 0, 38
26, 3, 0, 3, 5, 22, 0, 11
98, 7, 3, 17, 27, 93, 0, 38
26, 3, 0, 3, 5, 22, 0, 11
98, 7, 3, 17, 27, 93, 0, 38
26, 3, 0, 3, 5, 22, 0, 11
98, 7, 3, 17, 27, 93, 0, 38
26, 3, 0, 3, 5, 22, 0, 11
98, 7, 3, 17, 27, 93, 0, 38
154, 12, 3, 28, 31, 120, 0, 77
76, 4, 3, 16, 24, 69, 0, 34
76, 4, 3, 16, 24, 69, 0, 34
76, 4, 3, 16, 24, 69, 0, 34
76, 4, 3, 16, 24, 69, 0, 34
76, 4, 3, 16, 24, 69, 0, 34
76, 4, 3, 16, 24, 69, 0, 34
76, 4, 3, 16, 24, 69, 0, 34
76, 4, 3, 16, 24, 69, 0, 34
76, 4, 3, 16, 24, 69, 0, 34
2, 1, 0, 1, 0, 1, 0, 0
2, 0, 0, 1, 0, 0, 0, 0
6, 0, 0, 3, 0, 0, 0, 0
46, 0, 0, 19, 0, 0, 0, 0
2, 0, 0, 1, 0, 0, 0, 0
2, 0, 0, 1, 0, 0, 0, 0
0, 0, 0, 0, 0, 0, 0, 0
140, 8, 2, 23, 22, 64, 0, 60
140, 8, 2, 23, 22, 64, 0, 60
292, 16, 8, 51, 58, 200, 0, 128
292, 16, 8, 51, 58, 200, 0, 128
0, 0, 0, 0, 0, 1, 0, 0
2, 0, 0, 0, 0, 2, 0, 0
2, 0, 0, 0, 0, 2, 0, 0
46, 0, 0, 19, 0, 0, 0, 0
2, 0, 0, 0, 0, 2, 0, 0
0, 0, 0, 0, 0, 0, 0, 0
0, 0, 0, 0, 0, 0, 0, 0
0, 0, 0, 0, 0, 1, 0, 0
2, 0, 0, 0, 0, 2, 0, 0
32, 3, 0, 3, 4, 21, 0, 12
16, 0, 0, 6, 0, 4, 0, 9
138, 8, 6, 29, 48, 139, 0, 50
0, 0, 0, 0, 0, 0, 0, 0
82, 4, 3, 16, 26, 78, 0, 26
2, 0, 0, 1, 0, 1, 0, 0
2, 0, 0, 1, 0, 1, 0, 0
136, 11, 3, 24, 32, 114, 0, 56
166, 14, 3, 26, 36, 133, 0, 71
98, 7, 3, 17, 28, 90, 0, 38
0, 0, 0, 0, 0, 0, 0, 0
58, 4, 0, 11, 4, 31, 0, 37
98, 7, 3, 17, 27, 90, 0, 38
0, 0, 0, 0, 0, 0, 0, 0
2, 0, 0, 1, 0, 0, 0, 0
0, 0, 0, 0, 0, 0, 0, 0
454, 32, 12, 87, 109, 372, 0, 204
4, 0, 0, 2, 0, 0, 0, 0
114, 7, 3, 19, 27, 100, 0, 46
48, 5, 0, 9, 4, 22, 0, 34
72, 4, 3, 14, 23, 68, 0, 26
2, 0, 0, 1, 0, 0, 0, 0
0, 0, 0, 0, 0, 0, 0, 0
2, 0, 0, 1, 0, 0, 0, 0
2, 0, 0, 1, 0, 0, 0, 1
4, 0, 0, 2, 0, 0, 0, 0
0, 0, 0, 0, 0, 0, 0, 0
0, 0, 0, 0, 0, 0, 0, 0
2, 0, 0, 0, 0, 0, 0, 0
2, 0, 0, 1, 0, 0, 0, 1
2, 0, 0, 1, 0, 0, 0, 1
2, 0, 0, 1, 0, 0, 0, 1
8, 0, 0, 4, 0, 0, 0, 0
20, 0, 0, 9, 0, 0, 0, 0
60, 6, 0, 8, 8, 41, 0, 31
268, 20, 6, 50, 61, 203, 0, 125
72, 7, 0, 11, 10, 45, 0, 41
0, 0, 0, 0, 0, 0, 0, 0
98, 9, 0, 15, 13, 64, 0, 51
374, 27, 9, 71, 87, 296, 0, 162
2, 0, 0, 1, 0, 0, 0, 0
2, 0, 0, 0, 0, 0, 0, 1
2, 0, 0, 1, 0, 0, 0, 1
4, 0, 0, 0, 0, 2, 0, 1
2, 0, 0, 1, 0, 0, 0, 0
2, 0, 0, 1, 0, 0, 0, 0
0, 0, 0, 0, 0, 0, 0, 0
2, 0, 0, 1, 0, 0, 0, 0
6, 0, 0, 2, 1, 4, 0, 0
6, 0, 0, 2, 1, 4, 0, 0
0, 0, 0, 0, 0, 0, 0, 0
0, 0, 0, 0, 0, 0, 0, 0
0, 0, 0, 0, 0, 0, 0, 0
2, 0, 0, 1, 0, 3, 0, 2
2, 0, 0, 1, 0, 0, 0, 0
14, 0, 0, 5, 0, 0, 0, 0
2, 0, 0, 1, 0, 0, 0, 0
2, 0, 0, 0, 0, 0, 0, 0
0, 1, 0, 0, 0, 0, 0, 0
0, 0, 0, 0, 0, 0, 0, 0
0, 0, 0, 0, 0, 1, 0, 0
0, 0, 0, 0, 0, 1, 0, 0
0, 0, 0, 0, 0, 2, 0, 0
0, 0, 0, 0, 0, 3, 0, 0
0, 0, 0, 0, 0, 1, 0, 0
74, 0, 0, 31, 1, 7, 0, 1
0, 1, 0, 0, 0, 0, 0, 0
0, 0, 0, 0, 0, 2, 0, 0
0, 0, 0, 0, 0, 2, 0, 0
0, 0, 0, 0, 0, 2, 0, 0
0, 0, 0, 0, 0, 1, 0, 0
70, 0, 0, 30, 1, 7, 0, 1
10, 1, 0, 4, 4, 11, 0, 0
2, 1, 0, 1, 1, 1, 0, 0
4, 0, 0, 0, 0, 1, 0, 0
112, 6, 4, 24, 37, 105, 0, 36
14, 1, 0, 3, 2, 3, 0, 15
68, 4, 3, 14, 24, 67, 0, 25
68, 4, 3, 14, 25, 67, 0, 25
10, 1, 0, 4, 0, 0, 0, 1
2, 0, 0, 1, 0, 0, 0, 1
182, 17, 5, 34, 32, 131, 0, 93
302, 21, 8, 46, 59, 232, 0, 124
58, 4, 2, 10, 6, 34, 0, 23
0, 0, 0, 0, 0, 0, 0, 0
208, 16, 6, 41, 54, 177, 0, 88
274, 18, 6, 47, 60, 205, 0, 118
30, 3, 0, 4, 4, 24, 0, 11
30, 3, 0, 4, 4, 24, 0, 11
30, 3, 0, 4, 4, 24, 0, 11
28, 3, 0, 4, 4, 23, 0, 11
28, 3, 0, 4, 4, 23, 0, 11
30, 3, 0, 5, 4, 24, 0, 11
0, 0, 0, 0, 0, 1, 0, 1
172, 15, 3, 29, 33, 128, 0, 72
2, 0, 0, 1, 0, 0, 0, 1
100, 7, 3, 17, 27, 92, 0, 38
82, 4, 0, 20, 7, 36, 0, 4
12, 1, 0, 3, 0, 1, 0, 0
86, 6, 0, 22, 7, 36, 0, 4
24, 1, 0, 9, 0, 4, 0, 0
0, 0, 0, 0, 0, 0, 0, 0
32, 0, 0, 4, 0, 6, 0, 2
2, 0, 0, 1, 0, 1, 0, 1
76, 4, 3, 16, 23, 71, 0, 28
22, 2, 0, 5, 0, 4, 0, 19
76, 4, 3, 16, 23, 73, 0, 28
6, 0, 0, 3, 0, 3, 0, 1
0, 0, 0, 0, 0, 0, 0, 0
0, 0, 0, 0, 0, 1, 0, 0
0, 0, 0, 0, 0, 0, 0, 0
12, 0, 0, 5, 0, 3, 0, 0
6, 1, 0, 1, 0, 1, 0, 0
12, 2, 0, 2, 0, 2, 0, 0
0, 0, 0, 0, 0, 0, 0, 0
0, 0, 0, 0, 0, 1, 0, 0
0, 0, 0, 0, 0, 0, 0, 0
74, 2, 0, 16, 7, 34, 0, 3
0, 0, 0, 0, 0, 1, 0, 1
0, 0, 0, 0, 0, 0, 0, 1
8, 1, 0, 1, 0, 1, 0, 0
14, 1, 0, 2, 0, 2, 0, 0
2, 0, 0, 1, 0, 0, 0, 1
198, 15, 4, 34, 38, 134, 0, 82
20, 2, 0, 4, 1, 5, 0, 15
2, 0, 0, 1, 0, 0, 0, 1
0, 0, 0, 0, 0, 0, 0, 0
14, 0, 0, 5, 0, 4, 0, 9
0, 0, 0, 0, 0, 0, 0, 0
0, 0, 0, 0, 0, 0, 0, 0
4, 0, 0, 2, 0, 1, 0, 0
4, 0, 0, 2, 0, 1, 0, 0
6, 0, 0, 2, 0, 1, 0, 0
0, 0, 0, 0, 0, 2, 0, 0
50, 5, 0, 9, 5, 25, 0, 34
38, 2, 1, 7, 13, 34, 0, 11
26, 3, 0, 3, 4, 21, 0, 11
0, 1, 0, 0, 0, 0, 0, 0
0, 0, 0, 0, 0, 0, 0, 1
48, 5, 0, 9, 4, 22, 0, 34
38, 2, 1, 7, 13, 33, 0, 11
2, 0, 0, 1, 0, 0, 0, 0
26, 3, 0, 3, 4, 20, 0, 11
34, 2, 2, 7, 8, 31, 0, 12
172, 12, 5, 27, 27, 127, 0, 86
2, 0, 0, 1, 0, 2, 0, 0
2, 0, 0, 0, 0, 2, 0, 0
2, 0, 0, 0, 0, 2, 0, 0
2, 0, 0, 0, 0, 2, 0, 0
4, 0, 0, 2, 0, 0, 0, 1
0, 0, 0, 0, 0, 2, 0, 0
140, 8, 8, 28, 45, 136, 0, 54
4, 0, 0, 0, 3, 4, 0, 0
2, 0, 0, 1, 0, 1, 0, 0
0, 1, 0, 0, 0, 0, 0, 0
6, 0, 0, 2, 2, 4, 0, 0
4, 0, 0, 2, 0, 3, 0, 0
6, 0, 0, 3, 0, 3, 0, 0
2, 0, 0, 1, 0, 1, 0, 0
0, 0, 0, 0, 0, 0, 0, 0
2, 0, 0, 1, 0, 0, 0, 0
0, 0, 0, 0, 0, 0, 0, 0
2, 0, 0, 1, 0, 0, 0, 0
4, 0, 0, 0, 0, 0, 0, 1
2, 0, 0, 1, 0, 0, 0, 0
4, 0, 0, 0, 0, 0, 0, 1
2, 0, 0, 1, 0, 0, 0, 0
2, 0, 0, 1, 0, 0, 0, 0
4, 0, 0, 0, 0, 0, 0, 1
0, 0, 0, 0, 0, 0, 0, 0
0, 0, 0, 0, 0, 0, 0, 0
2, 0, 0, 1, 0, 0, 0, 0
2, 0, 0, 1, 0, 0, 0, 0
4, 0, 0, 2, 0, 4, 0, 0
2, 0, 0, 1, 0, 0, 0, 0
0, 0, 0, 0, 0, 0, 0, 0
24, 0, 0, 11, 0, 3, 0, 1
0, 0, 0, 0, 0, 0, 0, 0
2, 0, 0, 1, 0, 0, 0, 0
4, 0, 0, 2, 0, 0, 0, 0
0, 0, 0, 0, 0, 12, 0, 0
2, 0, 0, 1, 0, 0, 0, 0
2, 0, 0, 1, 0, 0, 0, 0
2, 0, 0, 1, 0, 0, 0, 0
2, 0, 0, 1, 0, 0, 0, 0
8, 0, 0, 2, 0, 8, 0, 0
12, 1, 0, 6, 0, 0, 0, 0
2, 0, 0, 1, 0, 0, 0, 0
2, 0, 0, 1, 0, 0, 0, 0
2, 0, 0, 1, 0, 0, 0, 0
2, 0, 0, 1, 0, 0, 0, 0
0, 0, 0, 0, 0, 0, 0, 0
2, 0, 0, 1, 0, 0, 0, 0
4, 0, 0, 2, 0, 1, 0, 0
2, 0, 0, 1, 0, 1, 0, 0
20, 0, 0, 9, 0, 2, 0, 0
2, 0, 0, 1, 0, 0, 0, 0
0, 0, 0, 0, 0, 0, 0, 0
2, 0, 0, 1, 0, 0, 0, 0
0, 0, 0, 0, 0, 0, 0, 0
4, 0, 0, 1, 0, 1, 0, 0
2, 0, 0, 1, 0, 0, 0, 0
0, 0, 0, 0, 0, 0, 0, 0
0, 0, 0, 0, 0, 0, 0, 0
2, 0, 0, 1, 0, 0, 0, 0
0, 0, 0, 0, 0, 0, 0, 0
6, 0, 0, 0, 2, 10, 0, 1
2, 0, 0, 1, 0, 1, 0, 0
6, 0, 0, 0, 2, 10, 0, 0
4, 0, 0, 2, 0, 3, 0, 0
6, 0, 0, 0, 2, 10, 0, 2
6, 0, 0, 0, 2, 10, 0, 0
0, 0, 0, 0, 0, 0, 0, 0
2, 0, 0, 1, 0, 0, 0, 0
0, 0, 0, 0, 0, 0, 0, 0
6, 0, 0, 3, 0, 1, 0, 0
10, 0, 0, 4, 0, 7, 0, 0
2, 0, 0, 1, 0, 0, 0, 0
0, 0, 0, 0, 0, 0, 0, 0
0, 0, 0, 0, 0, 0, 0, 0
2, 0, 0, 1, 0, 0, 0, 0
0, 0, 0, 0, 0, 0, 0, 0
4, 0, 0, 1, 0, 1, 0, 0
2, 0, 0, 1, 0, 0, 0, 0
0, 0, 0, 0, 0, 0, 0, 0
0, 0, 0, 0, 0, 0, 0, 0
2, 0, 0, 1, 0, 0, 0, 0
0, 0, 0, 0, 0, 0, 0, 0
6, 0, 0, 0, 2, 10, 0, 1
2, 0, 0, 1, 0, 1, 0, 0
6, 0, 0, 0, 2, 10, 0, 0
4, 0, 0, 2, 0, 3, 0, 0
6, 0, 0, 0, 2, 10, 0, 2
6, 0, 0, 0, 2, 10, 0, 0
0, 0, 0, 0, 0, 0, 0, 0
2, 0, 0, 1, 0, 0, 0, 0
0, 0, 0, 0, 0, 0, 0, 0
6, 0, 0, 3, 0, 1, 0, 0
10, 0, 0, 4, 0, 7, 0, 0
2, 0, 0, 1, 0, 0, 0, 0
0, 0, 0, 0, 0, 0, 0, 0
0, 0, 0, 0, 0, 0, 0, 0
2, 0, 0, 1, 0, 0, 0, 0
0, 0, 0, 0, 0, 0, 0, 0
4, 0, 0, 1, 0, 1, 0, 0
2, 0, 0, 1, 0, 0, 0, 0
0, 0, 0, 0, 0, 0, 0, 0
0, 0, 0, 0, 0, 0, 0, 0
2, 0, 0, 1, 0, 0, 0, 0
0, 0, 0, 0, 0, 0, 0, 0
6, 0, 0, 0, 2, 10, 0, 1
2, 0, 0, 1, 0, 1, 0, 0
6, 0, 0, 0, 2, 10, 0, 0
4, 0, 0, 2, 0, 3, 0, 0
6, 0, 0, 0, 2, 10, 0, 2
6, 0, 0, 0, 2, 10, 0, 0
0, 0, 0, 0, 0, 0, 0, 0
2, 0, 0, 1, 0, 0, 0, 0
0, 0, 0, 0, 0, 0, 0, 0
6, 0, 0, 3, 0, 1, 0, 0
10, 0, 0, 4, 0, 7, 0, 0
2, 0, 0, 1, 0, 0, 0, 0
0, 0, 0, 0, 0, 0, 0, 0
4, 0, 0, 2, 2, 2, 0, 0
4, 0, 0, 2, 0, 1, 0, 0
2, 0, 0, 1, 0, 0, 0, 0
2, 0, 0, 1, 0, 0, 0, 0
110, 3, 0, 29, 5, 19, 0, 2
4, 0, 0, 2, 0, 0, 0, 0
